{"blocks": [[8.0, 23.0],
[8.0, 14.0],
[10.0, 4.0],
[9.0, 13.0],
[10.0, 7.0],
[12.0, 22.0],
[12.0, 11.0],
[13.0, 22.0],
[20.0, 20.0],
[8.0, 13.0],
[9.0, 16.0],
[17.0, 17.0],
[22.0, 10.0],
[15.0, 22.0],
[15.0, 22.0],
[15.0, 22.0],
[16.0, 24.0],
[22.0, 26.0],
[13.0, 7.0],
[15.0, 10.0],
[13.0, 30.0],
[27.0, 28.0],
[28.0, 11.0],
[25.0, 29.0],
[26.0, 28.0],
[16.0, 18.0],
[29.0, 16.0],
[23.0, 11.0],
[8.0, 7.0],
[19.0, 28.0],
[14.0, 9.0]],
"wires": [[0.0, 12.0, 0.0005743825458921492],
[1.0, 11.0, 0.002297530183568597],
[1.0, 17.0, 0.0005743825458921492],
[1.0, 27.0, 0.006892590317875147],
[2.0, 9.0, 0.004595060367137194],
[2.0, 10.0, 0.002871912671253085],
[2.0, 13.0, 0.002297530183568597],
[2.0, 17.0, 0.0017231475794687867],
[2.0, 25.0, 0.0011487650917842984],
[3.0, 1.0, 0.0017231475794687867],
[3.0, 2.0, 0.010338885709643364],
[3.0, 4.0, 0.002871912671253085],
[3.0, 6.0, 0.002297530183568597],
[3.0, 8.0, 0.0017231475794687867],
[3.0, 9.0, 0.0011487650917842984],
[3.0, 10.0, 0.004595060367137194],
[3.0, 20.0, 0.002871912671253085],
[3.0, 26.0, 0.005169442854821682],
[3.0, 29.0, 0.0017231475794687867],
[4.0, 21.0, 0.0017231475794687867],
[5.0, 15.0, 0.0011487650917842984],
[5.0, 20.0, 0.0017231475794687867],
[5.0, 30.0, 0.0011487650917842984],
[6.0, 10.0, 0.004595060367137194],
[6.0, 11.0, 0.0011487650917842984],
[8.0, 1.0, 0.0034462951589375734],
[8.0, 12.0, 0.0017231475794687867],
[8.0, 27.0, 0.002297530183568597],
[9.0, 1.0, 0.013210798613727093],
[9.0, 10.0, 0.0017231475794687867],
[9.0, 23.0, 0.0017231475794687867],
[9.0, 28.0, 0.0017231475794687867],
[10.0, 3.0, 0.004595060367137194],
[10.0, 9.0, 0.0017231475794687867],
[10.0, 27.0, 0.0011487650917842984],
[11.0, 6.0, 0.0011487650917842984],
[11.0, 18.0, 0.0005743825458921492],
[15.0, 21.0, 0.0017231475794687867],
[16.0, 3.0, 0.0017231475794687867],
[16.0, 23.0, 0.002297530183568597],
[17.0, 15.0, 0.0017231475794687867],
[18.0, 4.0, 0.0005743825458921492],
[18.0, 26.0, 0.0034462951589375734],
[18.0, 28.0, 0.0011487650917842984],
[19.0, 21.0, 0.002297530183568597],
[20.0, 9.0, 0.006892590317875147],
[20.0, 30.0, 0.0034462951589375734],
[21.0, 8.0, 0.0011487650917842984],
[21.0, 26.0, 0.0011487650917842984],
[22.0, 12.0, 0.0017231475794687867],
[23.0, 0.0, 0.0017231475794687867],
[23.0, 18.0, 0.0017231475794687867],
[26.0, 12.0, 0.0017231475794687867],
[27.0, 25.0, 0.005169442854821682],
[28.0, 27.0, 0.002871912671253085],
[29.0, 8.0, 0.0011487650917842984],
[30.0, 25.0, 0.010338885709643364]],
"target_area": 9384.0, "target_wire_length": 4.926191806793213}