{"blocks": [[9.0, 19.0],
[10.0, 14.0],
[9.0, 21.0],
[9.0, 6.0],
[9.0, 13.0],
[6.0, 5.0],
[22.0, 8.0],
[27.0, 13.0],
[6.0, 17.0],
[9.0, 21.0],
[27.0, 15.0],
[5.0, 4.0],
[13.0, 22.0],
[13.0, 28.0],
[29.0, 18.0],
[9.0, 7.0],
[12.0, 15.0],
[26.0, 13.0],
[11.0, 12.0],
[24.0, 27.0],
[12.0, 10.0],
[29.0, 14.0],
[8.0, 18.0],
[6.0, 4.0],
[25.0, 22.0],
[14.0, 15.0],
[10.0, 21.0],
[18.0, 23.0],
[18.0, 17.0],
[9.0, 21.0],
[13.0, 5.0],
[29.0, 13.0],
[14.0, 16.0],
[15.0, 17.0],
[12.0, 10.0]],
"wires": [[[0.0, 5.0, 0.0005743825458921492],
[0.0, 11.0, 0.0011487650917842984],
[0.0, 14.0, 0.002871912671253085],
[0.0, 17.0, 0.0011487650917842984],
[0.0, 18.0, 0.0005743825458921492],
[0.0, 21.0, 0.0011487650917842984],
[0.0, 29.0, 0.0011487650917842984],
[0.0, 31.0, 0.0017231475794687867],
[1.0, 11.0, 0.0011487650917842984],
[1.0, 12.0, 0.0005743825458921492],
[1.0, 18.0, 0.0005743825458921492],
[1.0, 19.0, 0.002871912671253085],
[1.0, 23.0, 0.0017231475794687867],
[1.0, 26.0, 0.002297530183568597],
[1.0, 28.0, 0.0017231475794687867],
[1.0, 30.0, 0.0034462951589375734],
[2.0, 3.0, 0.002871912671253085],
[2.0, 10.0, 0.0017231475794687867],
[2.0, 11.0, 0.0011487650917842984],
[2.0, 16.0, 0.002297530183568597],
[2.0, 17.0, 0.0005743825458921492],
[2.0, 24.0, 0.002871912671253085],
[2.0, 26.0, 0.005169442854821682],
[2.0, 30.0, 0.0011487650917842984],
[2.0, 33.0, 0.0011487650917842984],
[3.0, 4.0, 0.0011487650917842984],
[3.0, 6.0, 0.002871912671253085],
[3.0, 7.0, 0.0017231475794687867],
[3.0, 8.0, 0.002871912671253085],
[3.0, 9.0, 0.002871912671253085],
[3.0, 12.0, 0.002297530183568597],
[3.0, 16.0, 0.0011487650917842984],
[3.0, 17.0, 0.0011487650917842984],
[4.0, 2.0, 0.0034462951589375734],
[4.0, 3.0, 0.0011487650917842984],
[4.0, 6.0, 0.0017231475794687867],
[4.0, 7.0, 0.002871912671253085],
[4.0, 22.0, 0.0017231475794687867],
[4.0, 25.0, 0.010338885709643364],
[4.0, 26.0, 0.0017231475794687867],
[4.0, 33.0, 0.0011487650917842984],
[5.0, 0.0, 0.0005743825458921492],
[5.0, 11.0, 0.006892590317875147],
[5.0, 13.0, 0.0011487650917842984],
[5.0, 14.0, 0.002871912671253085],
[5.0, 21.0, 0.0011487650917842984],
[5.0, 28.0, 0.0017231475794687867],
[5.0, 30.0, 0.013210798613727093],
[6.0, 3.0, 0.002871912671253085],
[6.0, 10.0, 0.0005743825458921492],
[6.0, 11.0, 0.0017231475794687867],
[6.0, 13.0, 0.002871912671253085],
[6.0, 16.0, 0.0017231475794687867],
[6.0, 19.0, 0.002871912671253085],
[6.0, 22.0, 0.002871912671253085],
[7.0, 2.0, 0.005169442854821682],
[7.0, 3.0, 0.0017231475794687867],
[7.0, 4.0, 0.002871912671253085],
[7.0, 12.0, 0.002871912671253085],
[7.0, 20.0, 0.0005743825458921492],
[7.0, 22.0, 0.0011487650917842984],
[7.0, 23.0, 0.0017231475794687867],
[7.0, 24.0, 0.0034462951589375734],
[7.0, 25.0, 0.0011487650917842984],
[7.0, 26.0, 0.002297530183568597],
[7.0, 30.0, 0.0011487650917842984],
[7.0, 34.0, 0.0005743825458921492],
[8.0, 23.0, 0.0017231475794687867],
[8.0, 26.0, 0.002871912671253085],
[8.0, 33.0, 0.0017231475794687867],
[9.0, 11.0, 0.0005743825458921492],
[9.0, 12.0, 0.002871912671253085],
[9.0, 13.0, 0.010338885709643364],
[9.0, 17.0, 0.0005743825458921492],
[9.0, 33.0, 0.0011487650917842984],
[9.0, 34.0, 0.005169442854821682],
[10.0, 9.0, 0.002297530183568597],
[10.0, 11.0, 0.0017231475794687867],
[10.0, 20.0, 0.0011487650917842984],
[10.0, 30.0, 0.005169442854821682],
[10.0, 34.0, 0.0017231475794687867],
[11.0, 6.0, 0.0017231475794687867],
[11.0, 7.0, 0.002297530183568597],
[11.0, 12.0, 0.0011487650917842984],
[11.0, 23.0, 0.0011487650917842984],
[11.0, 33.0, 0.0011487650917842984],
[11.0, 34.0, 0.0005743825458921492],
[12.0, 2.0, 0.002297530183568597],
[12.0, 5.0, 0.004595060367137194],
[12.0, 11.0, 0.0011487650917842984],
[12.0, 20.0, 0.0017231475794687867],
[12.0, 23.0, 0.002871912671253085],
[12.0, 26.0, 0.005169442854821682],
[12.0, 29.0, 0.0011487650917842984],
[12.0, 30.0, 0.002871912671253085],
[13.0, 3.0, 0.0011487650917842984],
[13.0, 6.0, 0.002871912671253085],
[13.0, 16.0, 0.0017231475794687867],
[13.0, 17.0, 0.0005743825458921492],
[13.0, 19.0, 0.002871912671253085],
[13.0, 30.0, 0.0017231475794687867],
[13.0, 33.0, 0.004595060367137194],
[13.0, 34.0, 0.002871912671253085],
[14.0, 0.0, 0.002871912671253085],
[14.0, 9.0, 0.002871912671253085],
[14.0, 10.0, 0.002871912671253085],
[14.0, 16.0, 0.0005743825458921492],
[14.0, 18.0, 0.002297530183568597],
[14.0, 20.0, 0.0011487650917842984],
[14.0, 24.0, 0.002297530183568597],
[14.0, 26.0, 0.0011487650917842984],
[14.0, 27.0, 0.0005743825458921492],
[14.0, 34.0, 0.0011487650917842984],
[15.0, 29.0, 0.006892590317875147],
[15.0, 34.0, 0.0034462951589375734],
[16.0, 2.0, 0.002297530183568597],
[16.0, 3.0, 0.0011487650917842984],
[16.0, 6.0, 0.0017231475794687867],
[16.0, 9.0, 0.0005743825458921492],
[16.0, 11.0, 0.0017231475794687867],
[16.0, 12.0, 0.002871912671253085],
[16.0, 19.0, 0.0011487650917842984],
[16.0, 22.0, 0.002871912671253085],
[16.0, 25.0, 0.0034462951589375734],
[16.0, 30.0, 0.0011487650917842984],
[16.0, 32.0, 0.004595060367137194],
[16.0, 33.0, 0.0011487650917842984],
[17.0, 6.0, 0.0005743825458921492],
[17.0, 10.0, 0.0011487650917842984],
[17.0, 11.0, 0.0005743825458921492],
[17.0, 12.0, 0.005169442854821682],
[17.0, 21.0, 0.006892590317875147],
[17.0, 24.0, 0.004595060367137194],
[18.0, 0.0, 0.0005743825458921492],
[18.0, 5.0, 0.0034462951589375734],
[18.0, 9.0, 0.005169442854821682],
[18.0, 17.0, 0.002871912671253085],
[18.0, 30.0, 0.0017231475794687867],
[18.0, 33.0, 0.0011487650917842984],
[19.0, 5.0, 0.0005743825458921492],
[19.0, 22.0, 0.0017231475794687867],
[19.0, 33.0, 0.0034462951589375734],
[20.0, 7.0, 0.0005743825458921492],
[20.0, 12.0, 0.0017231475794687867],
[20.0, 14.0, 0.0011487650917842984],
[20.0, 15.0, 0.0011487650917842984],
[20.0, 21.0, 0.0017231475794687867],
[20.0, 26.0, 0.002297530183568597],
[20.0, 27.0, 0.0011487650917842984],
[20.0, 33.0, 0.0005743825458921492],
[21.0, 0.0, 0.0011487650917842984],
[21.0, 5.0, 0.0011487650917842984],
[21.0, 8.0, 0.002871912671253085],
[21.0, 9.0, 0.0005743825458921492],
[21.0, 12.0, 0.0017231475794687867],
[21.0, 17.0, 0.006892590317875147],
[21.0, 20.0, 0.0017231475794687867],
[21.0, 23.0, 0.0017231475794687867],
[21.0, 24.0, 0.0034462951589375734],
[21.0, 27.0, 0.0017231475794687867],
[21.0, 30.0, 0.0005743825458921492],
[21.0, 31.0, 0.0017231475794687867],
[22.0, 1.0, 0.0011487650917842984],
[22.0, 12.0, 0.0017231475794687867],
[22.0, 26.0, 0.0017231475794687867],
[22.0, 27.0, 0.0005743825458921492],
[22.0, 28.0, 0.010338885709643364],
[22.0, 30.0, 0.0034462951589375734],
[22.0, 33.0, 0.0011487650917842984],
[23.0, 2.0, 0.0011487650917842984],
[23.0, 5.0, 0.013210798613727093],
[23.0, 8.0, 0.0017231475794687867],
[23.0, 12.0, 0.002871912671253085],
[23.0, 13.0, 0.0017231475794687867],
[23.0, 14.0, 0.0011487650917842984],
[23.0, 24.0, 0.002871912671253085],
[23.0, 25.0, 0.0017231475794687867],
[23.0, 26.0, 0.0011487650917842984],
[23.0, 29.0, 0.0011487650917842984],
[23.0, 33.0, 0.005169442854821682],
[23.0, 34.0, 0.0017231475794687867],
[24.0, 3.0, 0.0005743825458921492],
[24.0, 7.0, 0.0034462951589375734],
[24.0, 17.0, 0.004595060367137194],
[24.0, 26.0, 0.0034462951589375734],
[24.0, 28.0, 0.0017231475794687867],
[25.0, 28.0, 0.0011487650917842984],
[25.0, 32.0, 0.0017231475794687867],
[26.0, 3.0, 0.004595060367137194],
[26.0, 4.0, 0.0017231475794687867],
[26.0, 23.0, 0.0011487650917842984],
[26.0, 27.0, 0.0005743825458921492],
[26.0, 32.0, 0.0011487650917842984],
[27.0, 2.0, 0.0034462951589375734],
[27.0, 17.0, 0.0011487650917842984],
[27.0, 21.0, 0.0017231475794687867],
[27.0, 24.0, 0.005169442854821682],
[27.0, 26.0, 0.0005743825458921492],
[28.0, 1.0, 0.0017231475794687867],
[28.0, 3.0, 0.010338885709643364],
[28.0, 4.0, 0.0017231475794687867],
[28.0, 6.0, 0.0011487650917842984],
[28.0, 10.0, 0.0011487650917842984],
[28.0, 11.0, 0.0017231475794687867],
[28.0, 12.0, 0.0011487650917842984],
[28.0, 24.0, 0.0017231475794687867],
[28.0, 25.0, 0.0011487650917842984],
[28.0, 30.0, 0.0017231475794687867],
