{"blocks": [[23.0, 27.0],
[27.0, 28.0],
[8.0, 12.0],
[10.0, 25.0],
[27.0, 27.0],
[23.0, 23.0],
[27.0, 24.0],
[22.0, 8.0],
[13.0, 29.0],
[16.0, 28.0],
[28.0, 16.0],
[14.0, 27.0],
[16.0, 20.0],
[8.0, 12.0],
[6.0, 4.0],
[17.0, 18.0],
[25.0, 15.0],
[11.0, 10.0],
[16.0, 25.0],
[23.0, 27.0],
[25.0, 23.0],
[25.0, 19.0],
[23.0, 27.0],
[25.0, 13.0],
[15.0, 21.0],
[11.0, 7.0],
[23.0, 27.0],
[22.0, 25.0],
[14.0, 17.0],
[22.0, 22.0],
[14.0, 11.0],
[16.0, 26.0],
[21.0, 19.0],
[18.0, 30.0],
[23.0, 27.0],
[27.0, 28.0],
[14.0, 19.0],
[25.0, 21.0]],
"wires": [[[0.0, 10.0, 0.005169442854821682],
[0.0, 14.0, 0.002871912671253085],
[0.0, 18.0, 0.005169442854821682],
[1.0, 21.0, 0.0011487650917842984],
[1.0, 37.0, 0.002871912671253085],
[2.0, 5.0, 0.0017231475794687867],
[2.0, 15.0, 0.0017231475794687867],
[2.0, 29.0, 0.0011487650917842984],
[2.0, 36.0, 0.0017231475794687867],
[3.0, 14.0, 0.005169442854821682],
[3.0, 26.0, 0.002871912671253085],
[3.0, 31.0, 0.0017231475794687867],
[3.0, 33.0, 0.0011487650917842984],
[4.0, 3.0, 0.002297530183568597],
[4.0, 22.0, 0.0011487650917842984],
[4.0, 24.0, 0.002871912671253085],
[5.0, 15.0, 0.0034462951589375734],
[5.0, 16.0, 0.006892590317875147],
[5.0, 20.0, 0.0011487650917842984],
[5.0, 34.0, 0.002871912671253085],
[6.0, 35.0, 0.0011487650917842984],
[7.0, 2.0, 0.004595060367137194],
[7.0, 17.0, 0.010338885709643364],
[8.0, 4.0, 0.0011487650917842984],
[8.0, 25.0, 0.002871912671253085],
[8.0, 26.0, 0.0017231475794687867],
[9.0, 22.0, 0.0011487650917842984],
[9.0, 25.0, 0.0011487650917842984],
[9.0, 30.0, 0.002871912671253085],
[10.0, 26.0, 0.0005743825458921492],
[11.0, 17.0, 0.0011487650917842984],
[11.0, 27.0, 0.0011487650917842984],
[12.0, 9.0, 0.0005743825458921492],
[12.0, 25.0, 0.0011487650917842984],
[13.0, 15.0, 0.004595060367137194],
[13.0, 27.0, 0.0017231475794687867],
[13.0, 31.0, 0.006892590317875147],
[14.0, 3.0, 0.005169442854821682],
[14.0, 13.0, 0.0005743825458921492],
[15.0, 8.0, 0.002297530183568597],
[15.0, 17.0, 0.0017231475794687867],
[15.0, 24.0, 0.002871912671253085],
[16.0, 5.0, 0.006892590317875147],
[16.0, 11.0, 0.002297530183568597],
[16.0, 14.0, 0.0005743825458921492],
[17.0, 13.0, 0.0011487650917842984],
[18.0, 7.0, 0.0011487650917842984],
[18.0, 13.0, 0.0011487650917842984],
[18.0, 27.0, 0.0005743825458921492],
[18.0, 29.0, 0.0005743825458921492],
[19.0, 0.0, 0.0011487650917842984],
[19.0, 8.0, 0.0005743825458921492],
[19.0, 11.0, 0.002297530183568597],
[20.0, 15.0, 0.0011487650917842984],
[20.0, 21.0, 0.006892590317875147],
[21.0, 5.0, 0.0011487650917842984],
[21.0, 32.0, 0.0005743825458921492],
[22.0, 13.0, 0.0011487650917842984],
[22.0, 33.0, 0.0005743825458921492],
[23.0, 16.0, 0.002871912671253085],
[24.0, 13.0, 0.004595060367137194],
[24.0, 36.0, 0.0011487650917842984],
[25.0, 7.0, 0.005169442854821682],
[25.0, 11.0, 0.0011487650917842984],
[25.0, 29.0, 0.006892590317875147],
[25.0, 31.0, 0.0017231475794687867],
[26.0, 2.0, 0.004595060367137194],
[26.0, 17.0, 0.0011487650917842984],
[26.0, 24.0, 0.0017231475794687867],
[26.0, 29.0, 0.0017231475794687867],
[26.0, 30.0, 0.0011487650917842984],
[26.0, 31.0, 0.006892590317875147],
[27.0, 4.0, 0.005169442854821682],
[27.0, 29.0, 0.0017231475794687867],
[28.0, 7.0, 0.0017231475794687867],
[29.0, 24.0, 0.0005743825458921492],
[29.0, 36.0, 0.0005743825458921492],
[30.0, 7.0, 0.006892590317875147],
[30.0, 13.0, 0.0017231475794687867],
[31.0, 2.0, 0.010338885709643364],
[31.0, 12.0, 0.0005743825458921492],
[31.0, 14.0, 0.0005743825458921492],
[31.0, 24.0, 0.0017231475794687867],
[31.0, 28.0, 0.005169442854821682],
[31.0, 36.0, 0.0017231475794687867],
[32.0, 3.0, 0.0011487650917842984],
[32.0, 18.0, 0.0017231475794687867],
[32.0, 22.0, 0.002297530183568597],
[32.0, 29.0, 0.002871912671253085],
[33.0, 31.0, 0.0011487650917842984],
[34.0, 3.0, 0.002297530183568597],
[34.0, 21.0, 0.0034462951589375734],
[34.0, 30.0, 0.0011487650917842984],
[35.0, 17.0, 0.0005743825458921492],
[35.0, 21.0, 0.0005743825458921492],
[36.0, 16.0, 0.0017231475794687867],
[36.0, 21.0, 0.0005743825458921492],
[36.0, 26.0, 0.002871912671253085],
[36.0, 35.0, 0.0005743825458921492],
[37.0, 11.0, 0.002871912671253085],
[37.0, 33.0, 0.002871912671253085]]],
"target_area": 15872.0, "target_wire_length": 10.091039657592773}