{"blocks": [[23.0, 24.0],
[20.0, 19.0],
[22.0, 26.0],
[10.0, 9.0],
[26.0, 19.0],
[13.0, 29.0],
[21.0, 30.0],
[22.0, 26.0],
[8.0, 8.0],
[5.0, 5.0],
[13.0, 24.0],
[24.0, 24.0],
[13.0, 17.0],
[16.0, 13.0],
[18.0, 8.0],
[15.0, 30.0],
[22.0, 26.0],
[13.0, 7.0],
[17.0, 25.0],
[22.0, 26.0],
[18.0, 27.0],
[13.0, 5.0],
[22.0, 26.0],
[28.0, 26.0],
[15.0, 6.0],
[21.0, 13.0],
[28.0, 18.0],
[16.0, 9.0],
[14.0, 25.0],
[27.0, 10.0],
[13.0, 5.0],
[22.0, 26.0],
[14.0, 30.0],
[25.0, 12.0],
[26.0, 18.0],
[18.0, 30.0],
[22.0, 26.0],
[17.0, 20.0],
[27.0, 26.0],
[31.0, 22.0],
[22.0, 9.0],
[12.0, 20.0],
[13.0, 29.0],
[18.0, 9.0],
[27.0, 10.0],
[16.0, 7.0],
[28.0, 25.0]],
"wires": [[0.0, 3.0, 0.0017231475794687867],
[0.0, 10.0, 0.004595060367137194],
[0.0, 18.0, 0.002871912671253085],
[0.0, 22.0, 0.0011487650917842984],
[0.0, 32.0, 0.0017231475794687867],
[0.0, 46.0, 0.002871912671253085],
[1.0, 34.0, 0.002871912671253085],
[1.0, 43.0, 0.002871912671253085],
[2.0, 14.0, 0.0017231475794687867],
[2.0, 18.0, 0.002871912671253085],
[3.0, 21.0, 0.0017231475794687867],
[3.0, 33.0, 0.0011487650917842984],
[3.0, 36.0, 0.0011487650917842984],
[3.0, 37.0, 0.002871912671253085],
[3.0, 43.0, 0.0011487650917842984],
[3.0, 44.0, 0.0011487650917842984],
[4.0, 14.0, 0.002297530183568597],
[4.0, 31.0, 0.002297530183568597],
[4.0, 35.0, 0.0017231475794687867],
[4.0, 41.0, 0.006892590317875147],
[5.0, 9.0, 0.002297530183568597],
[5.0, 29.0, 0.004595060367137194],
[5.0, 42.0, 0.01148765068501234],
[6.0, 3.0, 0.0011487650917842984],
[6.0, 4.0, 0.0005743825458921492],
[6.0, 17.0, 0.0034462951589375734],
[6.0, 23.0, 0.002871912671253085],
[7.0, 25.0, 0.0011487650917842984],
[7.0, 36.0, 0.0011487650917842984],
[7.0, 44.0, 0.002871912671253085],
[8.0, 6.0, 0.002871912671253085],
[8.0, 12.0, 0.0011487650917842984],
[8.0, 17.0, 0.0017231475794687867],
[8.0, 27.0, 0.002297530183568597],
[9.0, 16.0, 0.0005743825458921492],
[9.0, 19.0, 0.0011487650917842984],
[9.0, 26.0, 0.0011487650917842984],
[9.0, 35.0, 0.0011487650917842984],
[9.0, 40.0, 0.008615737780928612],
[10.0, 9.0, 0.0005743825458921492],
[10.0, 14.0, 0.006892590317875147],
[10.0, 18.0, 0.008615737780928612],
[10.0, 33.0, 0.0017231475794687867],
[10.0, 36.0, 0.002297530183568597],
[10.0, 46.0, 0.002297530183568597],
[11.0, 15.0, 0.0011487650917842984],
[11.0, 20.0, 0.0011487650917842984],
[11.0, 31.0, 0.0017231475794687867],
[11.0, 41.0, 0.0017231475794687867],
[12.0, 3.0, 0.005169442854821682],
[12.0, 11.0, 0.0034462951589375734],
[12.0, 21.0, 0.013210798613727093],
[12.0, 25.0, 0.0005743825458921492],
[12.0, 27.0, 0.002871912671253085],
[12.0, 33.0, 0.0017231475794687867],
[12.0, 41.0, 0.0011487650917842984],
[13.0, 6.0, 0.0017231475794687867],
[13.0, 25.0, 0.0011487650917842984],
[13.0, 35.0, 0.004595060367137194],
[14.0, 18.0, 0.002297530183568597],
[14.0, 23.0, 0.0011487650917842984],
[14.0, 26.0, 0.002871912671253085],
[14.0, 30.0, 0.0011487650917842984],
[14.0, 34.0, 0.0017231475794687867],
[14.0, 41.0, 0.0005743825458921492],
[14.0, 45.0, 0.002871912671253085],
[15.0, 4.0, 0.004595060367137194],
[15.0, 12.0, 0.0011487650917842984],
[15.0, 13.0, 0.0017231475794687867],
[15.0, 14.0, 0.0011487650917842984],
[15.0, 25.0, 0.0005743825458921492],
[15.0, 29.0, 0.0017231475794687867],
[15.0, 41.0, 0.008615737780928612],
[15.0, 45.0, 0.002297530183568597],
[16.0, 2.0, 0.0005743825458921492],
[16.0, 3.0, 0.0017231475794687867],
[16.0, 13.0, 0.0017231475794687867],
[16.0, 15.0, 0.0017231475794687867],
[16.0, 21.0, 0.0011487650917842984],
[16.0, 25.0, 0.0011487650917842984],
[16.0, 26.0, 0.0011487650917842984],
[16.0, 45.0, 0.0017231475794687867],
[17.0, 3.0, 0.0017231475794687867],
[17.0, 8.0, 0.0017231475794687867],
[17.0, 10.0, 0.004595060367137194],
[17.0, 30.0, 0.0017231475794687867],
[17.0, 39.0, 0.002871912671253085],
[18.0, 1.0, 0.0005743825458921492],
[18.0, 16.0, 0.0011487650917842984],
[18.0, 39.0, 0.0017231475794687867],
[19.0, 9.0, 0.0011487650917842984],
[19.0, 42.0, 0.0005743825458921492],
[20.0, 11.0, 0.0011487650917842984],
[20.0, 21.0, 0.002871912671253085],
[20.0, 22.0, 0.0017231475794687867],
[21.0, 1.0, 0.0005743825458921492],
[21.0, 2.0, 0.0011487650917842984],
[21.0, 4.0, 0.002871912671253085],
[21.0, 5.0, 0.0017231475794687867],
[21.0, 6.0, 0.0011487650917842984],
[21.0, 12.0, 0.013210798613727093],
[21.0, 18.0, 0.0017231475794687867],
[21.0, 31.0, 0.0034462951589375734],
[21.0, 41.0, 0.005169442854821682],
[21.0, 45.0, 0.002297530183568597],
[22.0, 15.0, 0.0011487650917842984],
[22.0, 18.0, 0.002297530183568597],
[22.0, 27.0, 0.002871912671253085],
[22.0, 31.0, 0.0005743825458921492],
[22.0, 33.0, 0.004595060367137194],
[23.0, 1.0, 0.005169442854821682],
[23.0, 27.0, 0.0005743825458921492],
[24.0, 1.0, 0.004595060367137194],
[24.0, 15.0, 0.0005743825458921492],
[24.0, 25.0, 0.002871912671253085],
[24.0, 34.0, 0.002871912671253085],
[24.0, 40.0, 0.002297530183568597],
[25.0, 9.0, 0.0005743825458921492],
[25.0, 28.0, 0.0011487650917842984],
[25.0, 33.0, 0.0017231475794687867],
[26.0, 1.0, 0.004595060367137194],
[26.0, 9.0, 0.0011487650917842984],
[26.0, 14.0, 0.002871912671253085],
[26.0, 25.0, 0.002871912671253085],
[27.0, 16.0, 0.010338885709643364],
[27.0, 32.0, 0.0034462951589375734],
[27.0, 46.0, 0.002297530183568597],
[28.0, 6.0, 0.006892590317875147],
[28.0, 13.0, 0.002871912671253085],
[28.0, 45.0, 0.008615737780928612],
[29.0, 4.0, 0.0011487650917842984],
[29.0, 5.0, 0.004595060367137194],
[29.0, 22.0, 0.0011487650917842984],
[29.0, 24.0, 0.0011487650917842984],
[30.0, 10.0, 0.0011487650917842984],
[30.0, 13.0, 0.0034462951589375734],
[30.0, 27.0, 0.0034462951589375734],
[31.0, 2.0, 0.0017231475794687867],
[31.0, 14.0, 0.0005743825458921492],
[31.0, 16.0, 0.002871912671253085],
[31.0, 17.0, 0.0017231475794687867],
[31.0, 20.0, 0.006892590317875147],
[31.0, 24.0, 0.002297530183568597],
[31.0, 38.0, 0.0017231475794687867],
[32.0, 0.0, 0.0017231475794687867],
[32.0, 8.0, 0.0005743825458921492],
[32.0, 16.0, 0.0017231475794687867],
[33.0, 1.0, 0.0005743825458921492],
[33.0, 6.0, 0.0017231475794687867],
[33.0, 16.0, 0.0011487650917842984],
[33.0, 23.0, 0.0017231475794687867],
[33.0, 24.0, 0.0017231475794687867],
[33.0, 29.0, 0.002297530183568597],
[33.0, 35.0, 0.0011487650917842984],
[34.0, 1.0, 0.002871912671253085],
[34.0, 8.0, 0.010338885709643364],
[34.0, 14.0, 0.0017231475794687867],
[34.0, 16.0, 0.0011487650917842984],
[34.0, 23.0, 0.0034462951589375734],
[34.0, 41.0, 0.002297530183568597],
[35.0, 0.0, 0.0011487650917842984],
[35.0, 6.0, 0.0005743825458921492],
[35.0, 9.0, 0.0011487650917842984],
[35.0, 17.0, 0.0011487650917842984],
[35.0, 21.0, 0.010338885709643364],
[35.0, 29.0, 0.0011487650917842984],
[35.0, 37.0, 0.0011487650917842984],
[36.0, 7.0, 0.0011487650917842984],
[36.0, 25.0, 0.0011487650917842984],
[36.0, 27.0, 0.0017231475794687867],
[36.0, 40.0, 0.0011487650917842984],
[37.0, 10.0, 0.0017231475794687867],
[37.0, 39.0, 0.0017231475794687867],
[38.0, 15.0, 0.0005743825458921492],
[38.0, 20.0, 0.006892590317875147],
[38.0, 40.0, 0.0011487650917842984],
[39.0, 13.0, 0.002871912671253085],
[39.0, 25.0, 0.0011487650917842984],
[39.0, 34.0, 0.0017231475794687867],
[40.0, 2.0, 0.0005743825458921492],
[40.0, 4.0, 0.005169442854821682],
[40.0, 15.0, 0.0017231475794687867],
[40.0, 19.0, 0.002871912671253085],
[40.0, 30.0, 0.0011487650917842984],
[40.0, 31.0, 0.002871912671253085],
[40.0, 33.0, 0.0017231475794687867],
[40.0, 36.0, 0.0011487650917842984],
[41.0, 12.0, 0.0011487650917842984],
[41.0, 13.0, 0.0034462951589375734],
[41.0, 20.0, 0.0017231475794687867],
[41.0, 27.0, 0.002871912671253085],
[41.0, 29.0, 0.0011487650917842984],
[41.0, 33.0, 0.002297530183568597],
[41.0, 42.0, 0.0017231475794687867],
[42.0, 22.0, 0.010338885709643364],
[42.0, 36.0, 0.004595060367137194],
[43.0, 6.0, 0.002871912671253085],
[43.0, 9.0, 0.002871912671253085],
[43.0, 10.0, 0.002871912671253085],
[43.0, 24.0, 0.010338885709643364],
[43.0, 44.0, 0.0017231475794687867],
[44.0, 5.0, 0.0011487650917842984],
