{"blocks": [[9.0, 25.0],
[20.0, 12.0],
[23.0, 22.0],
[21.0, 22.0],
[15.0, 11.0],
[27.0, 19.0],
[28.0, 28.0],
[11.0, 28.0],
[3.0, 7.0],
[32.0, 19.0],
[10.0, 4.0],
[16.0, 17.0],
[13.0, 10.0],
[27.0, 19.0],
[22.0, 22.0],
[19.0, 11.0],
[23.0, 14.0],
[24.0, 25.0],
[14.0, 10.0],
[21.0, 23.0],
[29.0, 11.0],
[12.0, 22.0],
[27.0, 19.0],
[11.0, 26.0],
[5.0, 7.0],
[5.0, 7.0],
[14.0, 26.0],
[26.0, 21.0],
[21.0, 10.0],
[14.0, 26.0],
[27.0, 19.0],
[27.0, 19.0],
[29.0, 16.0],
[18.0, 6.0],
[24.0, 17.0],
[21.0, 9.0],
[23.0, 10.0],
[20.0, 19.0],
[24.0, 11.0],
[15.0, 19.0],
[15.0, 17.0],
[27.0, 25.0],
[10.0, 15.0],
[14.0, 18.0],
[16.0, 12.0],
[6.0, 9.0],
[25.0, 17.0],
[22.0, 31.0],
[24.0, 15.0],
[15.0, 6.0],
[27.0, 18.0],
[8.0, 6.0],
[23.0, 14.0],
[24.0, 8.0]],
"wires": [[0.0, 6.0, 0.006892590317875147],
[0.0, 10.0, 0.008615737780928612],
[0.0, 24.0, 0.0011487650917842984],
[0.0, 27.0, 0.002871912671253085],
[0.0, 30.0, 0.0011487650917842984],
[1.0, 27.0, 0.0017231475794687867],
[1.0, 35.0, 0.0011487650917842984],
[1.0, 43.0, 0.0034462951589375734],
[2.0, 3.0, 0.0005743825458921492],
[2.0, 13.0, 0.002871912671253085],
[2.0, 18.0, 0.0005743825458921492],
[2.0, 22.0, 0.0034462951589375734],
[2.0, 23.0, 0.0005743825458921492],
[2.0, 42.0, 0.0034462951589375734],
[3.0, 0.0, 0.002871912671253085],
[3.0, 19.0, 0.0017231475794687867],
[3.0, 32.0, 0.002871912671253085],
[3.0, 35.0, 0.008615737780928612],
[4.0, 23.0, 0.0011487650917842984],
[4.0, 27.0, 0.002871912671253085],
[4.0, 33.0, 0.0005743825458921492],
[5.0, 3.0, 0.0017231475794687867],
[5.0, 22.0, 0.010338885709643364],
[5.0, 24.0, 0.0011487650917842984],
[5.0, 25.0, 0.0011487650917842984],
[5.0, 49.0, 0.0017231475794687867],
[5.0, 52.0, 0.004595060367137194],
[6.0, 9.0, 0.0017231475794687867],
[6.0, 10.0, 0.0011487650917842984],
[6.0, 20.0, 0.002297530183568597],
[6.0, 25.0, 0.0011487650917842984],
[6.0, 26.0, 0.0011487650917842984],
[6.0, 28.0, 0.004595060367137194],
[6.0, 30.0, 0.0011487650917842984],
[6.0, 37.0, 0.0017231475794687867],
[6.0, 47.0, 0.0011487650917842984],
[6.0, 51.0, 0.0017231475794687867],
[7.0, 5.0, 0.0011487650917842984],
[7.0, 6.0, 0.002871912671253085],
[7.0, 17.0, 0.002297530183568597],
[7.0, 25.0, 0.002871912671253085],
[7.0, 39.0, 0.002297530183568597],
[7.0, 46.0, 0.0017231475794687867],
[8.0, 12.0, 0.006892590317875147],
[8.0, 25.0, 0.010338885709643364],
[8.0, 46.0, 0.0017231475794687867],
[9.0, 10.0, 0.0017231475794687867],
[9.0, 15.0, 0.0011487650917842984],
[9.0, 19.0, 0.0017231475794687867],
[9.0, 23.0, 0.0034462951589375734],
[9.0, 33.0, 0.002297530183568597],
[10.0, 8.0, 0.0011487650917842984],
[10.0, 18.0, 0.0011487650917842984],
[10.0, 24.0, 0.0011487650917842984],
[10.0, 30.0, 0.0034462951589375734],
[10.0, 43.0, 0.0034462951589375734],
[10.0, 52.0, 0.0005743825458921492],
[11.0, 8.0, 0.0011487650917842984],
[11.0, 17.0, 0.0017231475794687867],
[11.0, 20.0, 0.0017231475794687867],
[11.0, 23.0, 0.0011487650917842984],
[11.0, 25.0, 0.0011487650917842984],
[11.0, 28.0, 0.0005743825458921492],
[11.0, 29.0, 0.0005743825458921492],
[12.0, 7.0, 0.002871912671253085],
[12.0, 8.0, 0.006892590317875147],
[12.0, 15.0, 0.0011487650917842984],
[12.0, 20.0, 0.0011487650917842984],
[12.0, 28.0, 0.0011487650917842984],
[12.0, 33.0, 0.002871912671253085],
[12.0, 38.0, 0.004595060367137194],
[12.0, 41.0, 0.005169442854821682],
[12.0, 51.0, 0.0011487650917842984],
[13.0, 0.0, 0.002297530183568597],
[13.0, 2.0, 0.002871912671253085],
[13.0, 31.0, 0.002871912671253085],
[13.0, 43.0, 0.0017231475794687867],
[13.0, 49.0, 0.005169442854821682],
[14.0, 5.0, 0.0011487650917842984],
[14.0, 22.0, 0.002297530183568597],
[14.0, 43.0, 0.002297530183568597],
[14.0, 50.0, 0.0017231475794687867],
[15.0, 18.0, 0.0011487650917842984],
[15.0, 20.0, 0.0017231475794687867],
[16.0, 28.0, 0.002297530183568597],
[16.0, 36.0, 0.002297530183568597],
[17.0, 34.0, 0.0011487650917842984],
[17.0, 38.0, 0.0005743825458921492],
[18.0, 8.0, 0.013210798613727093],
[18.0, 15.0, 0.0011487650917842984],
[18.0, 30.0, 0.0005743825458921492],
[18.0, 39.0, 0.0017231475794687867],
[18.0, 49.0, 0.0005743825458921492],
[19.0, 9.0, 0.0017231475794687867],
[19.0, 26.0, 0.0017231475794687867],
[19.0, 35.0, 0.0005743825458921492],
[19.0, 37.0, 0.0011487650917842984],
[19.0, 43.0, 0.0017231475794687867],
[19.0, 47.0, 0.0017231475794687867],
[19.0, 52.0, 0.002297530183568597],
[20.0, 6.0, 0.002297530183568597],
[20.0, 8.0, 0.002871912671253085],
[20.0, 10.0, 0.0011487650917842984],
[20.0, 24.0, 0.0011487650917842984],
[20.0, 34.0, 0.0017231475794687867],
[20.0, 38.0, 0.01148765068501234],
[20.0, 40.0, 0.0017231475794687867],
[20.0, 46.0, 0.0017231475794687867],
[21.0, 7.0, 0.0011487650917842984],
[21.0, 26.0, 0.0017231475794687867],
[21.0, 27.0, 0.0017231475794687867],
[21.0, 28.0, 0.0011487650917842984],
[21.0, 35.0, 0.0017231475794687867],
[22.0, 2.0, 0.0034462951589375734],
[22.0, 28.0, 0.002871912671253085],
[22.0, 29.0, 0.0011487650917842984],
[22.0, 36.0, 0.002871912671253085],
[22.0, 41.0, 0.0011487650917842984],
[22.0, 42.0, 0.004595060367137194],
[22.0, 47.0, 0.002871912671253085],
[22.0, 53.0, 0.002297530183568597],
[23.0, 2.0, 0.0005743825458921492],
[23.0, 6.0, 0.0017231475794687867],
[23.0, 15.0, 0.0011487650917842984],
[23.0, 27.0, 0.0017231475794687867],
[23.0, 30.0, 0.0017231475794687867],
[23.0, 35.0, 0.0017231475794687867],
[23.0, 38.0, 0.0034462951589375734],
[23.0, 41.0, 0.0011487650917842984],
[23.0, 42.0, 0.0017231475794687867],
[23.0, 43.0, 0.0017231475794687867],
[23.0, 45.0, 0.002297530183568597],
[23.0, 47.0, 0.0017231475794687867],
[23.0, 51.0, 0.0017231475794687867],
[24.0, 1.0, 0.002297530183568597],
[24.0, 8.0, 0.019529005512595177],
[24.0, 18.0, 0.01148765068501234],
[24.0, 25.0, 0.006892590317875147],
[24.0, 28.0, 0.004595060367137194],
[24.0, 39.0, 0.0011487650917842984],
[25.0, 1.0, 0.010338885709643364],
[25.0, 11.0, 0.0011487650917842984],
[25.0, 15.0, 0.005169442854821682],
[25.0, 17.0, 0.0011487650917842984],
[25.0, 20.0, 0.0011487650917842984],
[25.0, 21.0, 0.0034462951589375734],
[25.0, 39.0, 0.0011487650917842984],
[25.0, 51.0, 0.002871912671253085],
[26.0, 7.0, 0.002871912671253085],
[26.0, 18.0, 0.0005743825458921492],
[26.0, 32.0, 0.0034462951589375734],
[26.0, 44.0, 0.0011487650917842984],
[26.0, 45.0, 0.002297530183568597],
[27.0, 2.0, 0.002871912671253085],
[27.0, 16.0, 0.002297530183568597],
[27.0, 32.0, 0.0005743825458921492],
[27.0, 33.0, 0.008615737780928612],
[27.0, 35.0, 0.0034462951589375734],
[27.0, 37.0, 0.0017231475794687867],
[27.0, 50.0, 0.0011487650917842984],
[28.0, 17.0, 0.0017231475794687867],
[28.0, 18.0, 0.006892590317875147],
[28.0, 24.0, 0.004595060367137194],
[28.0, 27.0, 0.0034462951589375734],
[28.0, 38.0, 0.004595060367137194],
[28.0, 49.0, 0.0005743825458921492],
[28.0, 53.0, 0.0011487650917842984],
[29.0, 21.0, 0.0005743825458921492],
[29.0, 30.0, 0.002871912671253085],
[29.0, 48.0, 0.004595060367137194],
[29.0, 51.0, 0.002871912671253085],
[29.0, 53.0, 0.0005743825458921492],
[30.0, 7.0, 0.0017231475794687867],
[30.0, 17.0, 0.006892590317875147],
[30.0, 23.0, 0.0017231475794687867],
[31.0, 2.0, 0.002871912671253085],
[31.0, 13.0, 0.002871912671253085],
[31.0, 23.0, 0.0005743825458921492],
[31.0, 45.0, 0.005169442854821682],
[32.0, 31.0, 0.0017231475794687867],
[32.0, 41.0, 0.0005743825458921492],
[32.0, 42.0, 0.0017231475794687867],
[32.0, 47.0, 0.005169442854821682],
[32.0, 48.0, 0.004595060367137194],
[32.0, 49.0, 0.005169442854821682],
[33.0, 23.0, 0.002297530183568597],
[33.0, 27.0, 0.008615737780928612],
[33.0, 35.0, 0.0017231475794687867],
[34.0, 7.0, 0.002871912671253085],
[34.0, 8.0, 0.0017231475794687867],
[34.0, 24.0, 0.0011487650917842984],
[34.0, 42.0, 0.0011487650917842984],
[35.0, 31.0, 0.0017231475794687867],
[35.0, 37.0, 0.002871912671253085],
[35.0, 46.0, 0.0011487650917842984],
[35.0, 52.0, 0.010338885709643364],
[36.0, 0.0, 0.0005743825458921492],
[36.0, 19.0, 0.002297530183568597],
[36.0, 48.0, 0.0011487650917842984],
