{"blocks": [[13.0, 6.0],
[11.0, 18.0],
[29.0, 16.0],
[11.0, 4.0],
[27.0, 21.0],
[25.0, 20.0],
[17.0, 10.0],
[24.0, 13.0],
[22.0, 13.0],
[23.0, 19.0],
[23.0, 27.0],
[15.0, 15.0],
[29.0, 20.0],
[6.0, 15.0],
[19.0, 9.0],
[19.0, 28.0],
[10.0, 8.0],
[15.0, 26.0],
[4.0, 11.0],
[16.0, 20.0],
[12.0, 16.0],
[26.0, 24.0],
[20.0, 14.0],
[25.0, 15.0],
[26.0, 9.0],
[9.0, 7.0],
[23.0, 27.0],
[23.0, 27.0],
[13.0, 14.0],
[25.0, 28.0],
[8.0, 20.0],
[13.0, 10.0],
[15.0, 14.0],
[24.0, 18.0],
[27.0, 12.0],
[13.0, 11.0],
[7.0, 17.0],
[17.0, 11.0],
[11.0, 5.0],
[29.0, 26.0],
[30.0, 27.0],
[23.0, 27.0],
[11.0, 12.0],
[17.0, 12.0],
[21.0, 14.0],
[19.0, 12.0],
[4.0, 10.0],
[25.0, 21.0],
[17.0, 7.0],
[28.0, 18.0],
[12.0, 9.0],
[23.0, 27.0],
[18.0, 11.0],
[13.0, 28.0],
[10.0, 26.0],
[13.0, 11.0],
[10.0, 27.0],
[13.0, 14.0],
[26.0, 15.0],
[10.0, 16.0],
[11.0, 10.0]],
"wires": [[0.0, 15.0, 0.002297530183568597],
[0.0, 44.0, 0.0005743825458921492],
[0.0, 47.0, 0.006892590317875147],
[1.0, 21.0, 0.0011487650917842984],
[1.0, 25.0, 0.0011487650917842984],
[1.0, 48.0, 0.0017231475794687867],
[1.0, 49.0, 0.0017231475794687867],
[1.0, 52.0, 0.002297530183568597],
[2.0, 53.0, 0.0005743825458921492],
[3.0, 0.0, 0.01148765068501234],
[3.0, 5.0, 0.01148765068501234],
[3.0, 12.0, 0.004595060367137194],
[3.0, 27.0, 0.002297530183568597],
[3.0, 31.0, 0.033888570964336395],
[3.0, 47.0, 0.0017231475794687867],
[4.0, 20.0, 0.0011487650917842984],
[4.0, 37.0, 0.002871912671253085],
[4.0, 54.0, 0.002297530183568597],
[5.0, 22.0, 0.0011487650917842984],
[6.0, 23.0, 0.0017231475794687867],
[6.0, 29.0, 0.0011487650917842984],
[6.0, 39.0, 0.0005743825458921492],
[7.0, 5.0, 0.0011487650917842984],
[7.0, 11.0, 0.0011487650917842984],
[7.0, 34.0, 0.0017231475794687867],
[8.0, 39.0, 0.002871912671253085],
[9.0, 5.0, 0.0017231475794687867],
[9.0, 15.0, 0.0017231475794687867],
[9.0, 16.0, 0.0011487650917842984],
[9.0, 23.0, 0.002871912671253085],
[9.0, 26.0, 0.0011487650917842984],
[10.0, 40.0, 0.0017231475794687867],
[10.0, 43.0, 0.006892590317875147],
[10.0, 49.0, 0.0005743825458921492],
[10.0, 52.0, 0.0034462951589375734],
[11.0, 6.0, 0.006892590317875147],
[11.0, 13.0, 0.0017231475794687867],
[11.0, 17.0, 0.0005743825458921492],
[11.0, 24.0, 0.010338885709643364],
[11.0, 33.0, 0.0017231475794687867],
[11.0, 49.0, 0.0017231475794687867],
[11.0, 56.0, 0.0011487650917842984],
[11.0, 59.0, 0.01148765068501234],
[12.0, 5.0, 0.002871912671253085],
[12.0, 19.0, 0.004595060367137194],
[12.0, 27.0, 0.0034462951589375734],
[12.0, 30.0, 0.008615737780928612],
[13.0, 12.0, 0.0011487650917842984],
[13.0, 33.0, 0.008615737780928612],
[13.0, 42.0, 0.002871912671253085],
[14.0, 2.0, 0.004595060367137194],
[14.0, 6.0, 0.0005743825458921492],
[14.0, 16.0, 0.002871912671253085],
[14.0, 23.0, 0.010338885709643364],
[14.0, 35.0, 0.002297530183568597],
[14.0, 56.0, 0.0011487650917842984],
[16.0, 9.0, 0.0011487650917842984],
[16.0, 19.0, 0.002871912671253085],
[16.0, 28.0, 0.0017231475794687867],
[16.0, 34.0, 0.002871912671253085],
[16.0, 40.0, 0.0005743825458921492],
[16.0, 41.0, 0.0005743825458921492],
[16.0, 56.0, 0.0017231475794687867],
[17.0, 7.0, 0.006892590317875147],
[17.0, 16.0, 0.0011487650917842984],
[17.0, 40.0, 0.0017231475794687867],
[17.0, 58.0, 0.004595060367137194],
[18.0, 9.0, 0.0005743825458921492],
[18.0, 22.0, 0.002871912671253085],
[18.0, 30.0, 0.002297530183568597],
[18.0, 37.0, 0.002871912671253085],
[18.0, 51.0, 0.005169442854821682],
[19.0, 3.0, 0.0017231475794687867],
[19.0, 22.0, 0.0011487650917842984],
[19.0, 34.0, 0.0017231475794687867],
[19.0, 39.0, 0.0011487650917842984],
[19.0, 43.0, 0.0005743825458921492],
[20.0, 6.0, 0.0011487650917842984],
[20.0, 22.0, 0.002871912671253085],
[21.0, 37.0, 0.0011487650917842984],
[21.0, 49.0, 0.002871912671253085],
[22.0, 4.0, 0.0017231475794687867],
[22.0, 11.0, 0.005169442854821682],
[22.0, 19.0, 0.0011487650917842984],
[22.0, 46.0, 0.0011487650917842984],
[22.0, 56.0, 0.010338885709643364],
[23.0, 27.0, 0.004595060367137194],
[23.0, 31.0, 0.0005743825458921492],
[23.0, 38.0, 0.0017231475794687867],
[24.0, 6.0, 0.002297530183568597],
[24.0, 9.0, 0.0011487650917842984],
[24.0, 22.0, 0.0011487650917842984],
[24.0, 28.0, 0.008615737780928612],
[25.0, 11.0, 0.0017231475794687867],
[25.0, 12.0, 0.0034462951589375734],
[25.0, 16.0, 0.002297530183568597],
[25.0, 42.0, 0.0005743825458921492],
[25.0, 49.0, 0.0034462951589375734],
[25.0, 50.0, 0.005169442854821682],
[26.0, 1.0, 0.0017231475794687867],
[27.0, 3.0, 0.002297530183568597],
[27.0, 6.0, 0.0017231475794687867],
[27.0, 18.0, 0.0017231475794687867],
[27.0, 41.0, 0.0017231475794687867],
[28.0, 20.0, 0.004595060367137194],
[28.0, 22.0, 0.0017231475794687867],
[28.0, 41.0, 0.0011487650917842984],
[28.0, 54.0, 0.0017231475794687867],
[29.0, 16.0, 0.0005743825458921492],
[29.0, 20.0, 0.0017231475794687867],
[29.0, 52.0, 0.0017231475794687867],
[30.0, 3.0, 0.0011487650917842984],
[30.0, 5.0, 0.0017231475794687867],
[30.0, 27.0, 0.0017231475794687867],
[30.0, 36.0, 0.002871912671253085],
[30.0, 41.0, 0.002871912671253085],
[30.0, 53.0, 0.0017231475794687867],
[31.0, 10.0, 0.0005743825458921492],
[31.0, 30.0, 0.0011487650917842984],
[31.0, 48.0, 0.0011487650917842984],
[32.0, 35.0, 0.0011487650917842984],
[32.0, 51.0, 0.002871912671253085],
[33.0, 8.0, 0.0017231475794687867],
[34.0, 0.0, 0.0005743825458921492],
[34.0, 8.0, 0.0011487650917842984],
[34.0, 21.0, 0.002871912671253085],
[34.0, 32.0, 0.002871912671253085],
[34.0, 51.0, 0.0017231475794687867],
[35.0, 5.0, 0.0017231475794687867],
[35.0, 9.0, 0.0011487650917842984],
[35.0, 51.0, 0.002871912671253085],
[36.0, 4.0, 0.0005743825458921492],
[36.0, 6.0, 0.0005743825458921492],
[36.0, 13.0, 0.0017231475794687867],
[36.0, 27.0, 0.0011487650917842984],
[36.0, 53.0, 0.006892590317875147],
[37.0, 4.0, 0.002871912671253085],
[37.0, 34.0, 0.0017231475794687867],
[37.0, 39.0, 0.0017231475794687867],
[37.0, 56.0, 0.006892590317875147],
[38.0, 30.0, 0.0017231475794687867],
[38.0, 39.0, 0.002871912671253085],
[38.0, 44.0, 0.0011487650917842984],
[38.0, 45.0, 0.0017231475794687867],
[39.0, 12.0, 0.006892590317875147],
[39.0, 18.0, 0.0017231475794687867],
[39.0, 19.0, 0.0011487650917842984],
[39.0, 23.0, 0.0017231475794687867],
[39.0, 34.0, 0.0011487650917842984],
[39.0, 50.0, 0.002871912671253085],
[40.0, 5.0, 0.0011487650917842984],
[41.0, 9.0, 0.0011487650917842984],
[41.0, 30.0, 0.002871912671253085],
[41.0, 34.0, 0.0011487650917842984],
[41.0, 47.0, 0.0011487650917842984],
[41.0, 57.0, 0.0005743825458921492],
[42.0, 4.0, 0.0017231475794687867],
[42.0, 29.0, 0.0017231475794687867],
[42.0, 49.0, 0.002297530183568597],
[42.0, 55.0, 0.002871912671253085],
[44.0, 9.0, 0.005169442854821682],
[44.0, 38.0, 0.0011487650917842984],
[44.0, 50.0, 0.002297530183568597],
[45.0, 4.0, 0.002297530183568597],
[45.0, 22.0, 0.0034462951589375734],
[45.0, 23.0, 0.004595060367137194],
[45.0, 38.0, 0.0017231475794687867],
[45.0, 49.0, 0.0034462951589375734],
[46.0, 13.0, 0.0011487650917842984],
[46.0, 30.0, 0.002871912671253085],
[46.0, 53.0, 0.006892590317875147],
[47.0, 0.0, 0.006892590317875147],
[47.0, 44.0, 0.0005743825458921492],
[48.0, 20.0, 0.0011487650917842984],
[48.0, 36.0, 0.0011487650917842984],
[48.0, 39.0, 0.0011487650917842984],
[49.0, 6.0, 0.002871912671253085],
[49.0, 19.0, 0.002297530183568597],
[49.0, 48.0, 0.002871912671253085],
[50.0, 25.0, 0.005169442854821682],
[50.0, 35.0, 0.0005743825458921492],
[50.0, 44.0, 0.002297530183568597],
[50.0, 45.0, 0.005169442854821682],
[50.0, 52.0, 0.002297530183568597],
[50.0, 55.0, 0.0005743825458921492],
[51.0, 1.0, 0.0017231475794687867],
[51.0, 37.0, 0.0017231475794687867],
[51.0, 54.0, 0.004595060367137194],
[52.0, 2.0, 0.0011487650917842984],
[52.0, 40.0, 0.002297530183568597],
[52.0, 56.0, 0.002297530183568597],
[53.0, 15.0, 0.002871912671253085],
[53.0, 46.0, 0.006892590317875147],
[54.0, 4.0, 0.002297530183568597],
[54.0, 19.0, 0.002871912671253085],
[54.0, 56.0, 0.0011487650917842984],
[55.0, 33.0, 0.002871912671253085],
