{"blocks": [[11.0, 30.0],
[28.0, 11.0],
[17.0, 25.0],
[20.0, 9.0],
[15.0, 7.0],
[23.0, 14.0],
[11.0, 28.0],
[20.0, 12.0],
[21.0, 11.0],
[32.0, 20.0],
[25.0, 15.0],
[22.0, 24.0],
[11.0, 4.0],
[18.0, 32.0],
[19.0, 19.0],
[24.0, 11.0],
[24.0, 24.0],
[18.0, 17.0],
[16.0, 28.0],
[27.0, 19.0],
[28.0, 26.0],
[23.0, 14.0],
[13.0, 9.0],
[10.0, 27.0],
[26.0, 26.0],
[11.0, 10.0],
[15.0, 18.0],
[26.0, 26.0],
[23.0, 14.0],
[16.0, 16.0],
[19.0, 25.0],
[23.0, 16.0],
[15.0, 10.0],
[17.0, 6.0],
[20.0, 9.0],
[27.0, 27.0],
[8.0, 7.0],
[27.0, 24.0],
[23.0, 14.0],
[34.0, 19.0],
[8.0, 18.0],
[14.0, 11.0],
[9.0, 19.0],
[10.0, 25.0],
[20.0, 21.0],
[18.0, 13.0],
[12.0, 16.0],
[23.0, 14.0],
[13.0, 14.0],
[14.0, 17.0],
[16.0, 18.0],
[19.0, 16.0],
[20.0, 17.0],
[29.0, 27.0],
[16.0, 8.0],
[15.0, 9.0],
[21.0, 27.0],
[26.0, 23.0],
[20.0, 9.0],
[5.0, 13.0],
[29.0, 24.0],
[19.0, 10.0]],
"wires": [[0.0, 3.0, 0.002297530183568597],
[0.0, 18.0, 0.0005743825458921492],
[0.0, 19.0, 0.0005743825458921492],
[0.0, 46.0, 0.0011487650917842984],
[0.0, 52.0, 0.005169442854821682],
[0.0, 56.0, 0.0011487650917842984],
[1.0, 9.0, 0.0011487650917842984],
[1.0, 16.0, 0.0005743825458921492],
[1.0, 17.0, 0.0011487650917842984],
[1.0, 20.0, 0.002871912671253085],
[1.0, 21.0, 0.002871912671253085],
[1.0, 22.0, 0.002871912671253085],
[1.0, 32.0, 0.0017231475794687867],
[1.0, 44.0, 0.0011487650917842984],
[1.0, 45.0, 0.004595060367137194],
[1.0, 49.0, 0.004595060367137194],
[1.0, 56.0, 0.0017231475794687867],
[1.0, 59.0, 0.006892590317875147],
[2.0, 1.0, 0.005169442854821682],
[2.0, 7.0, 0.002297530183568597],
[2.0, 8.0, 0.002871912671253085],
[2.0, 13.0, 0.0017231475794687867],
[2.0, 15.0, 0.0011487650917842984],
[2.0, 28.0, 0.0017231475794687867],
[2.0, 48.0, 0.0011487650917842984],
[2.0, 50.0, 0.010338885709643364],
[2.0, 57.0, 0.0017231475794687867],
[3.0, 13.0, 0.002871912671253085],
[3.0, 37.0, 0.0017231475794687867],
[3.0, 58.0, 0.008615737780928612],
[4.0, 7.0, 0.002871912671253085],
[4.0, 10.0, 0.002871912671253085],
[4.0, 16.0, 0.0011487650917842984],
[4.0, 20.0, 0.0017231475794687867],
[4.0, 26.0, 0.0017231475794687867],
[4.0, 51.0, 0.0011487650917842984],
[4.0, 57.0, 0.0011487650917842984],
[5.0, 27.0, 0.010338885709643364],
[5.0, 34.0, 0.0034462951589375734],
[5.0, 36.0, 0.0005743825458921492],
[5.0, 56.0, 0.0005743825458921492],
[6.0, 0.0, 0.0011487650917842984],
[6.0, 4.0, 0.0011487650917842984],
[6.0, 12.0, 0.0011487650917842984],
[6.0, 18.0, 0.01148765068501234],
[6.0, 24.0, 0.0011487650917842984],
[6.0, 27.0, 0.002871912671253085],
[6.0, 28.0, 0.002871912671253085],
[6.0, 42.0, 0.0011487650917842984],
[6.0, 56.0, 0.0011487650917842984],
[7.0, 11.0, 0.0017231475794687867],
[7.0, 15.0, 0.0017231475794687867],
[7.0, 23.0, 0.005169442854821682],
[7.0, 28.0, 0.0011487650917842984],
[7.0, 38.0, 0.0011487650917842984],
[7.0, 43.0, 0.002297530183568597],
[7.0, 47.0, 0.0017231475794687867],
[7.0, 57.0, 0.002297530183568597],
[8.0, 2.0, 0.002871912671253085],
[8.0, 4.0, 0.002871912671253085],
[8.0, 14.0, 0.002871912671253085],
[8.0, 15.0, 0.0011487650917842984],
[8.0, 22.0, 0.0017231475794687867],
[8.0, 32.0, 0.0017231475794687867],
[8.0, 56.0, 0.008615737780928612],
[8.0, 57.0, 0.002871912671253085],
[9.0, 17.0, 0.0005743825458921492],
[9.0, 20.0, 0.006892590317875147],
[9.0, 25.0, 0.0017231475794687867],
[9.0, 47.0, 0.004595060367137194],
[11.0, 1.0, 0.004595060367137194],
[11.0, 9.0, 0.0017231475794687867],
[11.0, 15.0, 0.0011487650917842984],
[11.0, 19.0, 0.0017231475794687867],
[11.0, 21.0, 0.002871912671253085],
[11.0, 23.0, 0.0017231475794687867],
[11.0, 25.0, 0.002297530183568597],
[11.0, 27.0, 0.0005743825458921492],
[11.0, 47.0, 0.002871912671253085],
[11.0, 50.0, 0.0011487650917842984],
[11.0, 60.0, 0.0005743825458921492],
[12.0, 9.0, 0.0011487650917842984],
[12.0, 11.0, 0.005169442854821682],
[12.0, 17.0, 0.005169442854821682],
[12.0, 18.0, 0.0005743825458921492],
[12.0, 32.0, 0.0017231475794687867],
[12.0, 33.0, 0.01148765068501234],
[12.0, 35.0, 0.0005743825458921492],
[12.0, 49.0, 0.0017231475794687867],
[12.0, 51.0, 0.0011487650917842984],
[12.0, 54.0, 0.01148765068501234],
[13.0, 1.0, 0.0005743825458921492],
[13.0, 15.0, 0.0011487650917842984],
[13.0, 28.0, 0.002297530183568597],
[13.0, 37.0, 0.002297530183568597],
[13.0, 52.0, 0.0017231475794687867],
[14.0, 26.0, 0.0011487650917842984],
[14.0, 41.0, 0.002297530183568597],
[14.0, 60.0, 0.0017231475794687867],
[15.0, 6.0, 0.0017231475794687867],
[15.0, 8.0, 0.0011487650917842984],
[15.0, 12.0, 0.004595060367137194],
[15.0, 17.0, 0.0017231475794687867],
[15.0, 18.0, 0.0017231475794687867],
[15.0, 20.0, 0.0017231475794687867],
[15.0, 23.0, 0.0017231475794687867],
[15.0, 28.0, 0.013210798613727093],
[15.0, 29.0, 0.002871912671253085],
[15.0, 30.0, 0.0017231475794687867],
[15.0, 46.0, 0.002871912671253085],
[15.0, 47.0, 0.0017231475794687867],
[15.0, 54.0, 0.0011487650917842984],
[15.0, 59.0, 0.006892590317875147],
[15.0, 60.0, 0.002297530183568597],
[16.0, 10.0, 0.0017231475794687867],
[16.0, 15.0, 0.002297530183568597],
[16.0, 23.0, 0.008615737780928612],
[16.0, 25.0, 0.0011487650917842984],
[16.0, 34.0, 0.002871912671253085],
[16.0, 38.0, 0.0011487650917842984],
[16.0, 43.0, 0.0011487650917842984],
[16.0, 51.0, 0.002297530183568597],
[17.0, 21.0, 0.0011487650917842984],
[17.0, 34.0, 0.0017231475794687867],
[17.0, 54.0, 0.0017231475794687867],
[18.0, 19.0, 0.002297530183568597],
[19.0, 6.0, 0.0011487650917842984],
[19.0, 22.0, 0.0005743825458921492],
[19.0, 26.0, 0.0011487650917842984],
[19.0, 27.0, 0.002297530183568597],
[19.0, 28.0, 0.0017231475794687867],
[19.0, 33.0, 0.0017231475794687867],
[19.0, 47.0, 0.0011487650917842984],
[19.0, 49.0, 0.0005743825458921492],
[19.0, 52.0, 0.0005743825458921492],
[19.0, 60.0, 0.0011487650917842984],
[20.0, 3.0, 0.0005743825458921492],
[20.0, 4.0, 0.0017231475794687867],
[20.0, 6.0, 0.002871912671253085],
[20.0, 22.0, 0.0005743825458921492],
[20.0, 35.0, 0.002871912671253085],
[20.0, 48.0, 0.0005743825458921492],
[21.0, 4.0, 0.0005743825458921492],
[21.0, 7.0, 0.005169442854821682],
[21.0, 10.0, 0.005169442854821682],
[21.0, 28.0, 0.0011487650917842984],
[21.0, 29.0, 0.0011487650917842984],
[21.0, 38.0, 0.01148765068501234],
[21.0, 43.0, 0.0017231475794687867],
[22.0, 1.0, 0.002871912671253085],
[22.0, 8.0, 0.0017231475794687867],
[22.0, 10.0, 0.002297530183568597],
[22.0, 26.0, 0.002297530183568597],
[22.0, 28.0, 0.0017231475794687867],
[22.0, 29.0, 0.0017231475794687867],
[22.0, 38.0, 0.0011487650917842984],
[22.0, 39.0, 0.002871912671253085],
[22.0, 41.0, 0.002871912671253085],
[22.0, 44.0, 0.002297530183568597],
[22.0, 45.0, 0.0017231475794687867],
[23.0, 8.0, 0.0017231475794687867],
[23.0, 9.0, 0.0017231475794687867],
[23.0, 11.0, 0.0017231475794687867],
[23.0, 19.0, 0.0011487650917842984],
[23.0, 25.0, 0.008615737780928612],
[23.0, 26.0, 0.002297530183568597],
[23.0, 28.0, 0.0034462951589375734],
[23.0, 30.0, 0.0011487650917842984],
[23.0, 34.0, 0.0017231475794687867],
[24.0, 19.0, 0.006892590317875147],
[24.0, 47.0, 0.0017231475794687867],
[24.0, 53.0, 0.0017231475794687867],
[24.0, 55.0, 0.0005743825458921492],
[24.0, 60.0, 0.0017231475794687867],
[25.0, 10.0, 0.008615737780928612],
[25.0, 17.0, 0.008615737780928612],
[25.0, 45.0, 0.0011487650917842984],
[25.0, 48.0, 0.0005743825458921492],
[26.0, 1.0, 0.0011487650917842984],
[26.0, 2.0, 0.010338885709643364],
[26.0, 35.0, 0.0017231475794687867],
[26.0, 42.0, 0.0011487650917842984],
[26.0, 43.0, 0.0017231475794687867],
[26.0, 46.0, 0.002871912671253085],
[26.0, 48.0, 0.0017231475794687867],
[26.0, 56.0, 0.0011487650917842984],
[26.0, 57.0, 0.0034462951589375734],
[27.0, 13.0, 0.0005743825458921492],
[27.0, 19.0, 0.002297530183568597],
[27.0, 46.0, 0.0005743825458921492],
[27.0, 58.0, 0.0005743825458921492],
[28.0, 11.0, 0.005169442854821682],
[28.0, 30.0, 0.0034462951589375734],
[28.0, 41.0, 0.0017231475794687867],
[28.0, 47.0, 0.0011487650917842984],
[28.0, 60.0, 0.0011487650917842984],
[29.0, 23.0, 0.0011487650917842984],
