{"blocks": [[8.0, 6.0],
[12.0, 10.0],
[22.0, 21.0],
[10.0, 14.0],
[27.0, 10.0],
[12.0, 17.0],
[9.0, 6.0],
[6.0, 8.0],
[10.0, 21.0],
[7.0, 10.0],
[12.0, 27.0],
[12.0, 17.0],
[8.0, 13.0],
[16.0, 16.0],
[24.0, 10.0],
[16.0, 13.0],
[8.0, 13.0],
[24.0, 20.0],
[19.0, 19.0],
[23.0, 22.0],
[17.0, 10.0],
[28.0, 14.0],
[26.0, 14.0],
[12.0, 6.0],
[17.0, 15.0],
[12.0, 9.0],
[10.0, 14.0],
[11.0, 28.0],
[23.0, 14.0],
[25.0, 15.0],
[12.0, 17.0],
[14.0, 13.0],
[8.0, 23.0],
[7.0, 8.0],
[26.0, 17.0],
[25.0, 9.0],
[10.0, 18.0],
[14.0, 24.0],
[27.0, 24.0],
[22.0, 20.0],
[6.0, 16.0],
[10.0, 29.0],
[10.0, 8.0],
[21.0, 19.0],
[26.0, 11.0],
[13.0, 25.0],
[10.0, 26.0],
[16.0, 16.0],
[12.0, 16.0],
[17.0, 7.0],
[26.0, 14.0],
[11.0, 8.0],
[17.0, 31.0],
[18.0, 18.0],
[29.0, 27.0],
[19.0, 19.0],
[28.0, 24.0],
[27.0, 24.0],
[29.0, 11.0],
[12.0, 17.0],
[3.0, 7.0],
[29.0, 24.0],
[24.0, 15.0]],
"wires": [[[0.0, 8.0, 0.0017231475794687867],
[0.0, 37.0, 0.0017231475794687867],
[1.0, 17.0, 0.002871912671253085],
[1.0, 18.0, 0.0017231475794687867],
[1.0, 31.0, 0.0011487650917842984],
[1.0, 39.0, 0.0011487650917842984],
[1.0, 43.0, 0.0011487650917842984],
[1.0, 47.0, 0.002297530183568597],
[3.0, 8.0, 0.0017231475794687867],
[3.0, 26.0, 0.0017231475794687867],
[3.0, 43.0, 0.0017231475794687867],
[3.0, 52.0, 0.0017231475794687867],
[5.0, 18.0, 0.0011487650917842984],
[5.0, 30.0, 0.01148765068501234],
[5.0, 44.0, 0.0017231475794687867],
[6.0, 0.0, 0.0034462951589375734],
[6.0, 23.0, 0.0011487650917842984],
[6.0, 48.0, 0.0011487650917842984],
[7.0, 8.0, 0.0011487650917842984],
[7.0, 26.0, 0.0034462951589375734],
[7.0, 48.0, 0.0017231475794687867],
[7.0, 49.0, 0.002871912671253085],
[8.0, 7.0, 0.0011487650917842984],
[8.0, 9.0, 0.0011487650917842984],
[8.0, 35.0, 0.0017231475794687867],
[9.0, 3.0, 0.002297530183568597],
[10.0, 60.0, 0.004595060367137194],
[11.0, 1.0, 0.005169442854821682],
[11.0, 3.0, 0.0017231475794687867],
[11.0, 62.0, 0.0017231475794687867],
[12.0, 32.0, 0.0017231475794687867],
[13.0, 11.0, 0.010338885709643364],
[13.0, 36.0, 0.0005743825458921492],
[13.0, 41.0, 0.002871912671253085],
[13.0, 47.0, 0.0011487650917842984],
[13.0, 56.0, 0.0034462951589375734],
[14.0, 12.0, 0.002297530183568597],
[14.0, 18.0, 0.0005743825458921492],
[14.0, 26.0, 0.0005743825458921492],
[14.0, 30.0, 0.010338885709643364],
[15.0, 5.0, 0.0017231475794687867],
[15.0, 13.0, 0.002871912671253085],
[15.0, 17.0, 0.0017231475794687867],
[15.0, 21.0, 0.0011487650917842984],
[15.0, 38.0, 0.002297530183568597],
[15.0, 52.0, 0.0011487650917842984],
[15.0, 55.0, 0.0005743825458921492],
[16.0, 4.0, 0.0005743825458921492],
[16.0, 6.0, 0.0011487650917842984],
[16.0, 29.0, 0.0011487650917842984],
[16.0, 31.0, 0.013210798613727093],
[16.0, 39.0, 0.002297530183568597],
[17.0, 56.0, 0.0005743825458921492],
[17.0, 60.0, 0.0005743825458921492],
[18.0, 26.0, 0.0011487650917842984],
[18.0, 41.0, 0.002297530183568597],
[19.0, 1.0, 0.002871912671253085],
[19.0, 21.0, 0.0011487650917842984],
[20.0, 3.0, 0.0011487650917842984],
[20.0, 7.0, 0.0017231475794687867],
[20.0, 33.0, 0.005169442854821682],
[20.0, 49.0, 0.002871912671253085],
[21.0, 8.0, 0.005169442854821682],
[21.0, 30.0, 0.0017231475794687867],
[21.0, 33.0, 0.002871912671253085],
[21.0, 56.0, 0.010338885709643364],
[22.0, 61.0, 0.0011487650917842984],
[23.0, 17.0, 0.0011487650917842984],
[24.0, 0.0, 0.002871912671253085],
[24.0, 34.0, 0.002871912671253085],
[25.0, 3.0, 0.010338885709643364],
[25.0, 54.0, 0.002297530183568597],
[26.0, 29.0, 0.0005743825458921492],
[26.0, 37.0, 0.0011487650917842984],
[26.0, 51.0, 0.002297530183568597],
[27.0, 52.0, 0.004595060367137194],
[27.0, 54.0, 0.0034462951589375734],
[28.0, 23.0, 0.0011487650917842984],
[28.0, 34.0, 0.0017231475794687867],
[29.0, 6.0, 0.0011487650917842984],
[29.0, 11.0, 0.0005743825458921492],
[29.0, 19.0, 0.0005743825458921492],
[29.0, 55.0, 0.0005743825458921492],
[29.0, 62.0, 0.0017231475794687867],
[30.0, 5.0, 0.01148765068501234],
[30.0, 8.0, 0.0011487650917842984],
[31.0, 2.0, 0.005169442854821682],
[31.0, 11.0, 0.002871912671253085],
[31.0, 15.0, 0.0017231475794687867],
[31.0, 19.0, 0.006892590317875147],
[31.0, 28.0, 0.008615737780928612],
[31.0, 29.0, 0.0005743825458921492],
[31.0, 45.0, 0.002871912671253085],
[32.0, 23.0, 0.0005743825458921492],
[32.0, 24.0, 0.0011487650917842984],
[32.0, 59.0, 0.0017231475794687867],
[34.0, 16.0, 0.0017231475794687867],
[34.0, 20.0, 0.0005743825458921492],
[35.0, 12.0, 0.010338885709643364],
[35.0, 20.0, 0.0034462951589375734],
[36.0, 22.0, 0.0011487650917842984],
[36.0, 62.0, 0.0005743825458921492],
[37.0, 7.0, 0.0017231475794687867],
[37.0, 10.0, 0.002297530183568597],
[37.0, 12.0, 0.0011487650917842984],
[37.0, 19.0, 0.002297530183568597],
[37.0, 26.0, 0.0011487650917842984],
[37.0, 31.0, 0.0011487650917842984],
[37.0, 33.0, 0.002871912671253085],
[38.0, 5.0, 0.0011487650917842984],
[38.0, 56.0, 0.0017231475794687867],
[38.0, 58.0, 0.0011487650917842984],
[38.0, 59.0, 0.0011487650917842984],
[39.0, 4.0, 0.0017231475794687867],
[39.0, 8.0, 0.0005743825458921492],
[40.0, 49.0, 0.0011487650917842984],
[41.0, 3.0, 0.006892590317875147],
[41.0, 10.0, 0.008615737780928612],
[41.0, 11.0, 0.006892590317875147],
[41.0, 21.0, 0.0005743825458921492],
[41.0, 25.0, 0.0017231475794687867],
[41.0, 62.0, 0.0017231475794687867],
[42.0, 13.0, 0.002871912671253085],
[42.0, 35.0, 0.002871912671253085],
[42.0, 60.0, 0.0005743825458921492],
[43.0, 11.0, 0.0011487650917842984],
[43.0, 54.0, 0.0005743825458921492],
[44.0, 9.0, 0.006892590317875147],
[44.0, 11.0, 0.0034462951589375734],
[44.0, 14.0, 0.002871912671253085],
[44.0, 26.0, 0.0034462951589375734],
[44.0, 29.0, 0.0005743825458921492],
[44.0, 58.0, 0.010338885709643364],
[45.0, 8.0, 0.0017231475794687867],
[45.0, 11.0, 0.0017231475794687867],
[45.0, 15.0, 0.004595060367137194],
[45.0, 49.0, 0.002297530183568597],
[46.0, 0.0, 0.0017231475794687867],
[46.0, 1.0, 0.0011487650917842984],
[46.0, 11.0, 0.002871912671253085],
[47.0, 3.0, 0.0005743825458921492],
[47.0, 6.0, 0.005169442854821682],
[47.0, 34.0, 0.0005743825458921492],
[47.0, 36.0, 0.0011487650917842984],
[47.0, 38.0, 0.0005743825458921492],
[48.0, 6.0, 0.0011487650917842984],
[48.0, 14.0, 0.0011487650917842984],
[48.0, 33.0, 0.0011487650917842984],
[48.0, 49.0, 0.0017231475794687867],
[49.0, 1.0, 0.0011487650917842984],
[49.0, 22.0, 0.002871912671253085],
[49.0, 27.0, 0.0017231475794687867],
[49.0, 46.0, 0.0011487650917842984],
[49.0, 53.0, 0.0017231475794687867],
[50.0, 4.0, 0.004595060367137194],
[50.0, 17.0, 0.0017231475794687867],
[51.0, 8.0, 0.008615737780928612],
[51.0, 26.0, 0.002297530183568597],
[51.0, 38.0, 0.002871912671253085],
[51.0, 43.0, 0.0005743825458921492],
[52.0, 5.0, 0.0017231475794687867],
[52.0, 17.0, 0.0005743825458921492],
[52.0, 26.0, 0.002297530183568597],
[52.0, 38.0, 0.0005743825458921492],
[52.0, 51.0, 0.0017231475794687867],
[53.0, 26.0, 0.0017231475794687867],
[53.0, 31.0, 0.0011487650917842984],
[53.0, 62.0, 0.0005743825458921492],
[54.0, 3.0, 0.002297530183568597],
[54.0, 6.0, 0.0011487650917842984],
[54.0, 30.0, 0.0017231475794687867],
[54.0, 48.0, 0.002871912671253085],
[55.0, 1.0, 0.0005743825458921492],
[55.0, 24.0, 0.0017231475794687867],
[55.0, 26.0, 0.002871912671253085],
[56.0, 9.0, 0.0011487650917842984],
[56.0, 14.0, 0.002871912671253085],
[56.0, 32.0, 0.004595060367137194],
[56.0, 47.0, 0.0005743825458921492],
[56.0, 58.0, 0.0011487650917842984],
[57.0, 7.0, 0.0005743825458921492],
[57.0, 18.0, 0.002871912671253085],
[57.0, 26.0, 0.0005743825458921492],
[57.0, 36.0, 0.0017231475794687867],
[57.0, 38.0, 0.0005743825458921492],
[58.0, 12.0, 0.002871912671253085],
[58.0, 15.0, 0.0017231475794687867],
[59.0, 16.0, 0.004595060367137194],
[59.0, 20.0, 0.002297530183568597],
[59.0, 27.0, 0.002871912671253085],
[59.0, 31.0, 0.0017231475794687867],
[59.0, 38.0, 0.0011487650917842984],
[59.0, 47.0, 0.0017231475794687867],
[59.0, 53.0, 0.002297530183568597],
[60.0, 1.0, 0.002871912671253085],
[60.0, 41.0, 0.0017231475794687867],
