{"blocks": [[19.0, 13.0],
[9.0, 25.0],
[13.0, 6.0],
[25.0, 10.0],
[16.0, 14.0],
[23.0, 24.0],
[25.0, 23.0],
[7.0, 11.0],
[11.0, 22.0],
[10.0, 24.0],
[11.0, 22.0],
[27.0, 9.0],
[11.0, 22.0],
[20.0, 8.0],
[21.0, 7.0],
[23.0, 24.0],
[24.0, 25.0],
[28.0, 25.0],
[26.0, 18.0],
[19.0, 31.0],
[17.0, 18.0],
[21.0, 18.0],
[14.0, 14.0],
[18.0, 13.0],
[11.0, 22.0],
[18.0, 8.0],
[12.0, 14.0],
[17.0, 24.0],
[17.0, 29.0],
[13.0, 28.0],
[11.0, 19.0],
[31.0, 27.0],
[13.0, 13.0],
[16.0, 8.0],
[15.0, 6.0],
[20.0, 23.0],
[14.0, 24.0],
[17.0, 6.0],
[11.0, 10.0],
[22.0, 22.0],
[20.0, 21.0],
[5.0, 10.0],
[21.0, 20.0],
[21.0, 10.0],
[19.0, 18.0],
[20.0, 28.0],
[24.0, 19.0],
[21.0, 9.0],
[16.0, 16.0],
[24.0, 19.0],
[27.0, 23.0],
[15.0, 10.0],
[24.0, 10.0],
[21.0, 24.0],
[27.0, 19.0],
[21.0, 14.0],
[21.0, 10.0],
[27.0, 11.0],
[21.0, 17.0],
[4.0, 4.0],
[11.0, 22.0],
[29.0, 13.0],
[26.0, 19.0],
[16.0, 13.0],
[16.0, 29.0],
[5.0, 10.0],
[11.0, 22.0],
[19.0, 20.0],
[27.0, 12.0],
[31.0, 19.0],
[17.0, 12.0],
[16.0, 29.0]],
"wires": [[[0.0, 1.0, 0.004595060367137194],
[0.0, 18.0, 0.0011487650917842984],
[0.0, 53.0, 0.0017231475794687867],
[0.0, 60.0, 0.0005743825458921492],
[0.0, 62.0, 0.008615737780928612],
[1.0, 26.0, 0.002297530183568597],
[1.0, 37.0, 0.0017231475794687867],
[1.0, 57.0, 0.006892590317875147],
[1.0, 58.0, 0.002871912671253085],
[2.0, 21.0, 0.0011487650917842984],
[2.0, 25.0, 0.002297530183568597],
[3.0, 25.0, 0.002871912671253085],
[3.0, 28.0, 0.004595060367137194],
[4.0, 30.0, 0.0005743825458921492],
[4.0, 37.0, 0.0005743825458921492],
[4.0, 40.0, 0.0005743825458921492],
[4.0, 64.0, 0.0011487650917842984],
[4.0, 69.0, 0.0017231475794687867],
[5.0, 12.0, 0.0017231475794687867],
[5.0, 38.0, 0.0011487650917842984],
[5.0, 46.0, 0.0011487650917842984],
[5.0, 60.0, 0.0011487650917842984],
[6.0, 71.0, 0.0011487650917842984],
[7.0, 1.0, 0.0011487650917842984],
[7.0, 24.0, 0.0011487650917842984],
[7.0, 36.0, 0.0017231475794687867],
[7.0, 64.0, 0.008615737780928612],
[8.0, 6.0, 0.0011487650917842984],
[8.0, 13.0, 0.0011487650917842984],
[8.0, 46.0, 0.002297530183568597],
[8.0, 49.0, 0.0005743825458921492],
[8.0, 59.0, 0.0034462951589375734],
[9.0, 2.0, 0.010338885709643364],
[9.0, 4.0, 0.0011487650917842984],
[9.0, 46.0, 0.0017231475794687867],
[9.0, 48.0, 0.0011487650917842984],
[9.0, 55.0, 0.002871912671253085],
[9.0, 69.0, 0.0034462951589375734],
[10.0, 29.0, 0.0017231475794687867],
[10.0, 52.0, 0.0017231475794687867],
[11.0, 13.0, 0.005169442854821682],
[11.0, 15.0, 0.002871912671253085],
[11.0, 48.0, 0.008615737780928612],
[11.0, 60.0, 0.0017231475794687867],
[12.0, 13.0, 0.0017231475794687867],
[12.0, 22.0, 0.005169442854821682],
[12.0, 55.0, 0.0017231475794687867],
[12.0, 69.0, 0.002297530183568597],
[12.0, 71.0, 0.0011487650917842984],
[13.0, 6.0, 0.002297530183568597],
[13.0, 27.0, 0.002871912671253085],
[13.0, 28.0, 0.002297530183568597],
[13.0, 32.0, 0.002871912671253085],
[13.0, 38.0, 0.0034462951589375734],
[13.0, 40.0, 0.0017231475794687867],
[13.0, 43.0, 0.002871912671253085],
[13.0, 49.0, 0.0011487650917842984],
[13.0, 60.0, 0.0017231475794687867],
[13.0, 68.0, 0.0011487650917842984],
[14.0, 10.0, 0.004595060367137194],
[14.0, 60.0, 0.002871912671253085],
[15.0, 5.0, 0.010338885709643364],
[15.0, 18.0, 0.0005743825458921492],
[15.0, 19.0, 0.005169442854821682],
[15.0, 20.0, 0.010338885709643364],
[15.0, 45.0, 0.0005743825458921492],
[16.0, 8.0, 0.004595060367137194],
[16.0, 13.0, 0.0011487650917842984],
[16.0, 15.0, 0.004595060367137194],
[16.0, 19.0, 0.002297530183568597],
[16.0, 67.0, 0.0011487650917842984],
[17.0, 12.0, 0.0005743825458921492],
[17.0, 68.0, 0.002297530183568597],
[18.0, 1.0, 0.002297530183568597],
[18.0, 3.0, 0.0011487650917842984],
[18.0, 9.0, 0.0011487650917842984],
[18.0, 34.0, 0.0017231475794687867],
[18.0, 35.0, 0.0011487650917842984],
[18.0, 39.0, 0.004595060367137194],
[18.0, 45.0, 0.0011487650917842984],
[19.0, 20.0, 0.002871912671253085],
[19.0, 65.0, 0.002297530183568597],
[19.0, 69.0, 0.0011487650917842984],
[20.0, 16.0, 0.006892590317875147],
[21.0, 2.0, 0.0011487650917842984],
[21.0, 9.0, 0.002297530183568597],
[21.0, 19.0, 0.0011487650917842984],
[21.0, 40.0, 0.008615737780928612],
[21.0, 43.0, 0.0011487650917842984],
[21.0, 47.0, 0.0017231475794687867],
[21.0, 57.0, 0.0005743825458921492],
[23.0, 39.0, 0.0017231475794687867],
[23.0, 52.0, 0.004595060367137194],
[23.0, 53.0, 0.004595060367137194],
[23.0, 56.0, 0.0011487650917842984],
[24.0, 4.0, 0.0011487650917842984],
[25.0, 28.0, 0.002871912671253085],
[25.0, 45.0, 0.0005743825458921492],
[25.0, 57.0, 0.01148765068501234],
[25.0, 61.0, 0.002871912671253085],
[25.0, 67.0, 0.01148765068501234],
[26.0, 1.0, 0.002297530183568597],
[26.0, 17.0, 0.0011487650917842984],
[26.0, 21.0, 0.005169442854821682],
[26.0, 38.0, 0.0011487650917842984],
[26.0, 46.0, 0.002871912671253085],
[26.0, 54.0, 0.0017231475794687867],
[26.0, 64.0, 0.0017231475794687867],
[27.0, 40.0, 0.0017231475794687867],
[27.0, 48.0, 0.005169442854821682],
[27.0, 49.0, 0.0011487650917842984],
[27.0, 55.0, 0.0017231475794687867],
[28.0, 0.0, 0.0011487650917842984],
[28.0, 1.0, 0.002871912671253085],
[28.0, 44.0, 0.0011487650917842984],
[28.0, 49.0, 0.0011487650917842984],
[28.0, 50.0, 0.0034462951589375734],
[29.0, 7.0, 0.0005743825458921492],
[29.0, 11.0, 0.0034462951589375734],
[29.0, 24.0, 0.0017231475794687867],
[29.0, 39.0, 0.0005743825458921492],
[29.0, 41.0, 0.0005743825458921492],
[29.0, 56.0, 0.002871912671253085],
[30.0, 5.0, 0.0011487650917842984],
[30.0, 6.0, 0.0017231475794687867],
[30.0, 42.0, 0.0005743825458921492],
[30.0, 66.0, 0.0011487650917842984],
[30.0, 68.0, 0.0005743825458921492],
[30.0, 69.0, 0.002871912671253085],
[31.0, 9.0, 0.0017231475794687867],
[31.0, 34.0, 0.0005743825458921492],
[31.0, 63.0, 0.0017231475794687867],
[31.0, 68.0, 0.0005743825458921492],
[32.0, 14.0, 0.002297530183568597],
[32.0, 23.0, 0.0005743825458921492],
[32.0, 27.0, 0.0017231475794687867],
[32.0, 42.0, 0.0017231475794687867],
[32.0, 66.0, 0.005169442854821682],
[33.0, 20.0, 0.002297530183568597],
[33.0, 29.0, 0.0011487650917842984],
[33.0, 48.0, 0.013210798613727093],
[33.0, 51.0, 0.0005743825458921492],
[34.0, 12.0, 0.0017231475794687867],
[34.0, 19.0, 0.0034462951589375734],
[34.0, 27.0, 0.0011487650917842984],
[34.0, 30.0, 0.006892590317875147],
[34.0, 32.0, 0.0011487650917842984],
[35.0, 11.0, 0.0017231475794687867],
[35.0, 32.0, 0.0017231475794687867],
[35.0, 46.0, 0.0017231475794687867],
[35.0, 50.0, 0.004595060367137194],
[35.0, 70.0, 0.002871912671253085],
[36.0, 12.0, 0.0017231475794687867],
[36.0, 15.0, 0.002871912671253085],
[36.0, 22.0, 0.008615737780928612],
[36.0, 32.0, 0.002871912671253085],
[36.0, 35.0, 0.005169442854821682],
[36.0, 40.0, 0.002871912671253085],
[36.0, 45.0, 0.010338885709643364],
[37.0, 11.0, 0.008615737780928612],
[37.0, 27.0, 0.01148765068501234],
[37.0, 28.0, 0.0017231475794687867],
[37.0, 35.0, 0.0011487650917842984],
[37.0, 50.0, 0.005169442854821682],
[38.0, 16.0, 0.002871912671253085],
[38.0, 34.0, 0.0011487650917842984],
[39.0, 18.0, 0.004595060367137194],
[39.0, 43.0, 0.006892590317875147],
[39.0, 49.0, 0.002297530183568597],
[39.0, 62.0, 0.004595060367137194],
[40.0, 21.0, 0.008615737780928612],
[40.0, 28.0, 0.0011487650917842984],
[40.0, 35.0, 0.0011487650917842984],
[40.0, 49.0, 0.0017231475794687867],
[41.0, 25.0, 0.0011487650917842984],
[41.0, 28.0, 0.006892590317875147],
[41.0, 29.0, 0.0005743825458921492],
[41.0, 35.0, 0.0017231475794687867],
[41.0, 42.0, 0.004595060367137194],
[41.0, 49.0, 0.0011487650917842984],
[41.0, 54.0, 0.002871912671253085],
[41.0, 61.0, 0.002871912671253085],
[42.0, 20.0, 0.0005743825458921492],
[42.0, 47.0, 0.0011487650917842984],
[42.0, 56.0, 0.0017231475794687867],
[42.0, 62.0, 0.010338885709643364],
[42.0, 71.0, 0.002297530183568597],
[43.0, 4.0, 0.0005743825458921492],
[43.0, 35.0, 0.0011487650917842984],
[43.0, 45.0, 0.0017231475794687867],
[43.0, 59.0, 0.0005743825458921492],
[43.0, 67.0, 0.0011487650917842984],
