{"blocks": [[10.0, 15.0],
[11.0, 7.0],
[15.0, 11.0],
[17.0, 17.0],
[31.0, 21.0],
[15.0, 8.0],
[23.0, 18.0],
[13.0, 21.0],
[23.0, 10.0],
[15.0, 15.0],
[22.0, 14.0],
[11.0, 16.0],
[10.0, 17.0],
[25.0, 26.0],
[21.0, 8.0],
[16.0, 23.0],
[17.0, 18.0],
[17.0, 9.0],
[13.0, 30.0],
[16.0, 27.0],
[5.0, 6.0],
[20.0, 26.0],
[9.0, 26.0],
[10.0, 5.0],
[22.0, 24.0],
[11.0, 12.0],
[17.0, 15.0],
[9.0, 22.0],
[7.0, 5.0],
[12.0, 5.0],
[12.0, 16.0],
[10.0, 9.0],
[23.0, 10.0],
[13.0, 18.0],
[25.0, 12.0],
[11.0, 27.0],
[16.0, 30.0],
[25.0, 20.0],
[21.0, 30.0],
[7.0, 7.0],
[13.0, 28.0],
[16.0, 9.0],
[23.0, 28.0],
[11.0, 15.0],
[11.0, 9.0],
[9.0, 24.0],
[14.0, 6.0],
[9.0, 4.0],
[18.0, 23.0],
[13.0, 19.0],
[17.0, 31.0],
[14.0, 17.0],
[13.0, 6.0],
[15.0, 26.0],
[29.0, 18.0],
[29.0, 28.0],
[24.0, 15.0],
[13.0, 28.0],
[30.0, 28.0],
[16.0, 23.0],
[13.0, 9.0],
[14.0, 25.0],
[35.0, 17.0],
[22.0, 25.0],
[13.0, 8.0],
[32.0, 16.0],
[17.0, 25.0],
[10.0, 18.0],
[12.0, 16.0],
[4.0, 10.0],
[24.0, 8.0],
[18.0, 13.0],
[27.0, 12.0],
[19.0, 26.0],
[32.0, 18.0],
[23.0, 10.0],
[5.0, 4.0],
[9.0, 7.0],
[24.0, 9.0],
[25.0, 25.0],
[13.0, 28.0],
[32.0, 21.0],
[11.0, 28.0],
[23.0, 8.0],
[24.0, 23.0],
[18.0, 7.0],
[10.0, 15.0],
[29.0, 29.0]],
"wires": [[0.0, 33.0, 0.0011487650917842984],
[0.0, 48.0, 0.0017231475794687867],
[0.0, 50.0, 0.005169442854821682],
[1.0, 22.0, 0.008615737780928612],
[1.0, 43.0, 0.013210798613727093],
[1.0, 45.0, 0.0011487650917842984],
[1.0, 71.0, 0.013210798613727093],
[1.0, 74.0, 0.0011487650917842984],
[2.0, 0.0, 0.0011487650917842984],
[2.0, 11.0, 0.0017231475794687867],
[2.0, 24.0, 0.0034462951589375734],
[2.0, 30.0, 0.0017231475794687867],
[2.0, 45.0, 0.002871912671253085],
[2.0, 68.0, 0.005169442854821682],
[2.0, 72.0, 0.0034462951589375734],
[2.0, 83.0, 0.0017231475794687867],
[2.0, 85.0, 0.01148765068501234],
[3.0, 28.0, 0.0005743825458921492],
[3.0, 84.0, 0.008615737780928612],
[4.0, 20.0, 0.0011487650917842984],
[4.0, 29.0, 0.002871912671253085],
[4.0, 46.0, 0.0034462951589375734],
[4.0, 67.0, 0.0011487650917842984],
[4.0, 86.0, 0.0017231475794687867],
[5.0, 42.0, 0.0011487650917842984],
[5.0, 48.0, 0.002297530183568597],
[5.0, 51.0, 0.004595060367137194],
[5.0, 53.0, 0.006892590317875147],
[6.0, 22.0, 0.006892590317875147],
[6.0, 26.0, 0.0011487650917842984],
[6.0, 31.0, 0.005169442854821682],
[6.0, 43.0, 0.006892590317875147],
[6.0, 51.0, 0.004595060367137194],
[6.0, 52.0, 0.0005743825458921492],
[6.0, 67.0, 0.0017231475794687867],
[6.0, 70.0, 0.004595060367137194],
[7.0, 29.0, 0.0011487650917842984],
[7.0, 81.0, 0.0011487650917842984],
[8.0, 29.0, 0.004595060367137194],
[8.0, 38.0, 0.0005743825458921492],
[8.0, 39.0, 0.01148765068501234],
[8.0, 50.0, 0.010338885709643364],
[8.0, 63.0, 0.002871912671253085],
[8.0, 83.0, 0.033888570964336395],
[9.0, 64.0, 0.002871912671253085],
[9.0, 70.0, 0.002297530183568597],
[10.0, 44.0, 0.002297530183568597],
[10.0, 50.0, 0.0011487650917842984],
[10.0, 53.0, 0.002297530183568597],
[10.0, 77.0, 0.0011487650917842984],
[10.0, 86.0, 0.0011487650917842984],
[11.0, 15.0, 0.0017231475794687867],
[11.0, 18.0, 0.0011487650917842984],
[11.0, 44.0, 0.0017231475794687867],
[11.0, 46.0, 0.0005743825458921492],
[11.0, 61.0, 0.0017231475794687867],
[11.0, 68.0, 0.008615737780928612],
[11.0, 79.0, 0.0011487650917842984],
[12.0, 11.0, 0.0011487650917842984],
[12.0, 21.0, 0.0011487650917842984],
[12.0, 71.0, 0.0011487650917842984],
[12.0, 74.0, 0.0017231475794687867],
[13.0, 4.0, 0.0005743825458921492],
[13.0, 5.0, 0.0011487650917842984],
[13.0, 18.0, 0.002871912671253085],
[13.0, 25.0, 0.0011487650917842984],
[13.0, 42.0, 0.0005743825458921492],
[13.0, 44.0, 0.0017231475794687867],
[13.0, 45.0, 0.002871912671253085],
[14.0, 29.0, 0.0011487650917842984],
[14.0, 52.0, 0.006892590317875147],
[14.0, 84.0, 0.0005743825458921492],
[15.0, 21.0, 0.004595060367137194],
[15.0, 33.0, 0.0011487650917842984],
[15.0, 69.0, 0.0005743825458921492],
[16.0, 3.0, 0.01148765068501234],
[16.0, 42.0, 0.0011487650917842984],
[16.0, 56.0, 0.0017231475794687867],
[16.0, 65.0, 0.0005743825458921492],
[16.0, 84.0, 0.0011487650917842984],
[17.0, 8.0, 0.0005743825458921492],
[17.0, 81.0, 0.0017231475794687867],
[18.0, 25.0, 0.002297530183568597],
[19.0, 9.0, 0.010338885709643364],
[19.0, 32.0, 0.0011487650917842984],
[19.0, 47.0, 0.0034462951589375734],
[19.0, 50.0, 0.0011487650917842984],
[20.0, 0.0, 0.008615737780928612],
[20.0, 10.0, 0.002871912671253085],
[20.0, 14.0, 0.0011487650917842984],
[20.0, 35.0, 0.0034462951589375734],
[20.0, 38.0, 0.002871912671253085],
[20.0, 39.0, 0.0011487650917842984],
[20.0, 41.0, 0.0017231475794687867],
[20.0, 48.0, 0.0011487650917842984],
[20.0, 60.0, 0.006892590317875147],
[20.0, 62.0, 0.0005743825458921492],
[21.0, 22.0, 0.004595060367137194],
[21.0, 37.0, 0.0011487650917842984],
[21.0, 44.0, 0.0005743825458921492],
[21.0, 63.0, 0.0017231475794687867],
[21.0, 83.0, 0.0005743825458921492],
[22.0, 12.0, 0.0011487650917842984],
[22.0, 73.0, 0.0011487650917842984],
[23.0, 24.0, 0.002871912671253085],
[23.0, 39.0, 0.0011487650917842984],
[23.0, 56.0, 0.0005743825458921492],
[23.0, 73.0, 0.0017231475794687867],
[23.0, 79.0, 0.002871912671253085],
[23.0, 80.0, 0.002871912671253085],
[23.0, 84.0, 0.008615737780928612],
[24.0, 23.0, 0.002871912671253085],
[24.0, 26.0, 0.0011487650917842984],
[24.0, 56.0, 0.0005743825458921492],
[24.0, 87.0, 0.002297530183568597],
[25.0, 21.0, 0.0017231475794687867],
[25.0, 22.0, 0.0017231475794687867],
[25.0, 44.0, 0.0017231475794687867],
[25.0, 60.0, 0.002871912671253085],
[25.0, 73.0, 0.002871912671253085],
[25.0, 79.0, 0.0017231475794687867],
[26.0, 52.0, 0.0034462951589375734],
[26.0, 56.0, 0.005169442854821682],
[26.0, 62.0, 0.002871912671253085],
[26.0, 81.0, 0.002871912671253085],
[26.0, 84.0, 0.0011487650917842984],
[27.0, 1.0, 0.002871912671253085],
[27.0, 30.0, 0.0017231475794687867],
[27.0, 39.0, 0.002297530183568597],
[27.0, 46.0, 0.0011487650917842984],
[28.0, 3.0, 0.0005743825458921492],
[28.0, 26.0, 0.005169442854821682],
[28.0, 44.0, 0.0005743825458921492],
[28.0, 56.0, 0.0017231475794687867],
[28.0, 62.0, 0.002871912671253085],
[29.0, 7.0, 0.0011487650917842984],
[29.0, 48.0, 0.0011487650917842984],
[30.0, 20.0, 0.0005743825458921492],
[31.0, 12.0, 0.013210798613727093],
[31.0, 16.0, 0.0005743825458921492],
[31.0, 20.0, 0.0005743825458921492],
[31.0, 27.0, 0.002297530183568597],
[31.0, 58.0, 0.0011487650917842984],
[32.0, 0.0, 0.0011487650917842984],
[32.0, 10.0, 0.002871912671253085],
[32.0, 23.0, 0.002297530183568597],
[32.0, 36.0, 0.002871912671253085],
[32.0, 38.0, 0.002871912671253085],
[32.0, 74.0, 0.0034462951589375734],
[32.0, 86.0, 0.008615737780928612],
[33.0, 40.0, 0.0005743825458921492],
[33.0, 43.0, 0.002871912671253085],
[33.0, 59.0, 0.0017231475794687867],
[33.0, 71.0, 0.005169442854821682],
[34.0, 5.0, 0.0005743825458921492],
[34.0, 6.0, 0.0017231475794687867],
[34.0, 13.0, 0.004595060367137194],
[34.0, 71.0, 0.002297530183568597],
[34.0, 76.0, 0.0017231475794687867],
[35.0, 0.0, 0.0017231475794687867],
[35.0, 14.0, 0.0017231475794687867],
[35.0, 40.0, 0.0017231475794687867],
[35.0, 47.0, 0.0005743825458921492],
[35.0, 57.0, 0.0017231475794687867],
[35.0, 62.0, 0.0011487650917842984],
[35.0, 74.0, 0.006892590317875147],
[36.0, 1.0, 0.0017231475794687867],
[36.0, 5.0, 0.0011487650917842984],
[36.0, 12.0, 0.002871912671253085],
[36.0, 41.0, 0.005169442854821682],
[36.0, 42.0, 0.0017231475794687867],
[36.0, 46.0, 0.0011487650917842984],
[36.0, 48.0, 0.0017231475794687867],
[36.0, 60.0, 0.002871912671253085],
[36.0, 77.0, 0.0017231475794687867],
[36.0, 78.0, 0.0005743825458921492],
[36.0, 84.0, 0.0017231475794687867],
[37.0, 18.0, 0.0017231475794687867],
[37.0, 21.0, 0.0011487650917842984],
[38.0, 6.0, 0.0011487650917842984],
[38.0, 39.0, 0.0017231475794687867],
[38.0, 60.0, 0.002871912671253085],
[39.0, 0.0, 0.005169442854821682],
[39.0, 48.0, 0.0011487650917842984],
[40.0, 10.0, 0.0005743825458921492],
[40.0, 12.0, 0.01148765068501234],
